nr. sessions,total km,km Z3-4,km Z5-T1-T2,hours alternative,nr. sessions.1,total km.1,km Z3-4.1,km Z5-T1-T2.1,hours alternative.1,nr. sessions.2,total km.2,km Z3-4.2,km Z5-T1-T2.2,hours alternative.2,nr. sessions.3,total km.3,km Z3-4.3,km Z5-T1-T2.3,hours alternative.3,nr. sessions.4,total km.4,km Z3-4.4,km Z5-T1-T2.4,hours alternative.4,nr. sessions.5,total km.5,km Z3-4.5,km Z5-T1-T2.5,hours alternative.5,nr. sessions.6,total km.6,km Z3-4.6,km Z5-T1-T2.6,hours alternative.6,Date,injury predictions,injury probabilities
0,0.0,0.0,0.0,0.0,1.0,10.01,1.01,0.0,0.0,0.0,0.0,0.0,0.0,0.0,1.0,8.64,7.64,0.0,0.0,1.0,6.0,3.0,2.0,0.0,1.0,0.53,0.0,0.0,0.0,1.0,1.57,0.0,0.0,0.0,2024-06-12,0,0.4679633754264274
0,0.0,0.0,0.0,0.89,0.0,0.0,0.0,0.0,0.0,1.0,10.01,1.01,0.0,0.0,0.0,0.0,0.0,0.0,0.0,1.0,8.64,7.64,0.0,0.0,1.0,6.0,3.0,2.0,0.0,1.0,0.53,0.0,0.0,0.0,2024-06-13,1,0.6169336402802176
1,6.9,5.9,0.0,0.0,0.0,0.0,0.0,0.0,0.89,0.0,0.0,0.0,0.0,0.0,1.0,10.01,1.01,0.0,0.0,0.0,0.0,0.0,0.0,0.0,1.0,8.64,7.64,0.0,0.0,1.0,6.0,3.0,2.0,0.0,2024-06-14,1,0.6935202551743085
0,0.0,0.0,0.0,0.0,1.0,6.9,5.9,0.0,0.0,0.0,0.0,0.0,0.0,0.89,0.0,0.0,0.0,0.0,0.0,1.0,10.01,1.01,0.0,0.0,0.0,0.0,0.0,0.0,0.0,1.0,8.64,7.64,0.0,0.0,2024-06-15,0,0.4679633754264274
1,10.08,9.08,0.0,0.0,0.0,0.0,0.0,0.0,0.0,1.0,6.9,5.9,0.0,0.0,0.0,0.0,0.0,0.0,0.89,0.0,0.0,0.0,0.0,0.0,1.0,10.01,1.01,0.0,0.0,0.0,0.0,0.0,0.0,0.0,2024-06-16,1,0.6516077355314346
1,4.78,3.7800000000000002,0.0,0.0,1.0,10.08,9.08,0.0,0.0,0.0,0.0,0.0,0.0,0.0,1.0,6.9,5.9,0.0,0.0,0.0,0.0,0.0,0.0,0.89,0.0,0.0,0.0,0.0,0.0,1.0,10.01,1.01,0.0,0.0,2024-06-17,0,0.4679633754264274
0,0.0,0.0,0.0,0.0,1.0,4.78,3.7800000000000002,0.0,0.0,1.0,10.08,9.08,0.0,0.0,0.0,0.0,0.0,0.0,0.0,1.0,6.9,5.9,0.0,0.0,0.0,0.0,0.0,0.0,0.89,0.0,0.0,0.0,0.0,0.0,2024-06-18,1,0.5902581843364689
0,0.0,0.0,0.0,0.0,0.0,0.0,0.0,0.0,0.0,1.0,4.78,3.7800000000000002,0.0,0.0,1.0,10.08,9.08,0.0,0.0,0.0,0.0,0.0,0.0,0.0,1.0,6.9,5.9,0.0,0.0,0.0,0.0,0.0,0.0,0.89,2024-06-19,1,0.6169336402802176
1,17.44,15.44,0.0,0.0,0.0,0.0,0.0,0.0,0.0,0.0,0.0,0.0,0.0,0.0,1.0,4.78,3.7800000000000002,0.0,0.0,1.0,10.08,9.08,0.0,0.0,0.0,0.0,0.0,0.0,0.0,1.0,6.9,5.9,0.0,0.0,2024-06-20,1,0.5951140419422674
1,7.11,7.11,0.0,0.0,1.0,17.44,15.44,0.0,0.0,0.0,0.0,0.0,0.0,0.0,0.0,0.0,0.0,0.0,0.0,1.0,4.78,3.7800000000000002,0.0,0.0,1.0,10.08,9.08,0.0,0.0,0.0,0.0,0.0,0.0,0.0,2024-06-21,1,0.6935202551743085
1,5.01,3.0,2.01,0.0,1.0,7.11,7.11,0.0,0.0,1.0,17.44,15.44,0.0,0.0,0.0,0.0,0.0,0.0,0.0,0.0,0.0,0.0,0.0,0.0,1.0,4.78,3.7800000000000002,0.0,0.0,1.0,10.08,9.08,0.0,0.0,2024-06-22,1,0.8733624317954632
1,8.12,7.12,0.0,0.0,1.0,5.01,3.0,2.01,0.0,1.0,7.11,7.11,0.0,0.0,1.0,17.44,15.44,0.0,0.0,0.0,0.0,0.0,0.0,0.0,0.0,0.0,0.0,0.0,0.0,1.0,4.78,3.7800000000000002,0.0,0.0,2024-06-23,1,0.5902581843364689
0,0.0,0.0,0.0,1.31,1.0,8.12,7.12,0.0,0.0,1.0,5.01,3.0,2.01,0.0,1.0,7.11,7.11,0.0,0.0,1.0,17.44,15.44,0.0,0.0,0.0,0.0,0.0,0.0,0.0,0.0,0.0,0.0,0.0,0.0,2024-06-24,1,0.582778515626478
0,0.0,0.0,0.0,0.0,0.0,0.0,0.0,0.0,1.31,1.0,8.12,7.12,0.0,0.0,1.0,5.01,3.0,2.01,0.0,1.0,7.11,7.11,0.0,0.0,1.0,17.44,15.44,0.0,0.0,0.0,0.0,0.0,0.0,0.0,2024-06-25,1,0.9733333333333334
1,5.0,4.0,0.0,0.0,0.0,0.0,0.0,0.0,0.0,0.0,0.0,0.0,0.0,1.31,1.0,8.12,7.12,0.0,0.0,1.0,5.01,3.0,2.01,0.0,1.0,7.11,7.11,0.0,0.0,1.0,17.44,15.44,0.0,0.0,2024-06-26,1,0.6745500654724116
0,0.0,0.0,0.0,0.0,1.0,5.0,4.0,0.0,0.0,0.0,0.0,0.0,0.0,0.0,0.0,0.0,0.0,0.0,1.31,1.0,8.12,7.12,0.0,0.0,1.0,5.01,3.0,2.01,0.0,1.0,7.11,7.11,0.0,0.0,2024-06-27,1,0.6169336402802176
1,5.08,0.0,0.0,0.0,0.0,0.0,0.0,0.0,0.0,1.0,5.0,4.0,0.0,0.0,0.0,0.0,0.0,0.0,0.0,0.0,0.0,0.0,0.0,1.31,1.0,8.12,7.12,0.0,0.0,1.0,5.01,3.0,2.01,0.0,2024-06-28,1,0.7158588241097361
0,0.0,0.0,0.0,0.0,1.0,5.08,0.0,0.0,0.0,0.0,0.0,0.0,0.0,0.0,1.0,5.0,4.0,0.0,0.0,0.0,0.0,0.0,0.0,0.0,0.0,0.0,0.0,0.0,1.31,1.0,8.12,7.12,0.0,0.0,2024-06-29,0,0.4538552931691343
1,9.08,5.08,2.0,0.0,0.0,0.0,0.0,0.0,0.0,1.0,5.08,0.0,0.0,0.0,0.0,0.0,0.0,0.0,0.0,1.0,5.0,4.0,0.0,0.0,0.0,0.0,0.0,0.0,0.0,0.0,0.0,0.0,0.0,1.31,2024-06-30,1,0.5889638321538067
1,12.66,9.66,0.0,0.0,1.0,9.08,5.08,2.0,0.0,0.0,0.0,0.0,0.0,0.0,1.0,5.08,0.0,0.0,0.0,0.0,0.0,0.0,0.0,0.0,1.0,5.0,4.0,0.0,0.0,0.0,0.0,0.0,0.0,0.0,2024-07-01,1,0.629269166596007
0,0.0,0.0,0.0,0.0,1.0,12.66,9.66,0.0,0.0,1.0,9.08,5.08,2.0,0.0,0.0,0.0,0.0,0.0,0.0,1.0,5.08,0.0,0.0,0.0,0.0,0.0,0.0,0.0,0.0,1.0,5.0,4.0,0.0,0.0,2024-07-02,1,0.5101271279731405
0,0.0,0.0,0.0,1.23,0.0,0.0,0.0,0.0,0.0,1.0,12.66,9.66,0.0,0.0,1.0,9.08,5.08,2.0,0.0,0.0,0.0,0.0,0.0,0.0,1.0,5.08,0.0,0.0,0.0,0.0,0.0,0.0,0.0,0.0,2024-07-03,1,0.5622883762100581
1,7.1,4.1,0.0,0.0,0.0,0.0,0.0,0.0,1.23,0.0,0.0,0.0,0.0,0.0,1.0,12.66,9.66,0.0,0.0,1.0,9.08,5.08,2.0,0.0,0.0,0.0,0.0,0.0,0.0,1.0,5.08,0.0,0.0,0.0,2024-07-04,1,0.5238051538250794
0,0.0,0.0,0.0,0.0,1.0,7.1,4.1,0.0,0.0,0.0,0.0,0.0,0.0,1.23,0.0,0.0,0.0,0.0,0.0,1.0,12.66,9.66,0.0,0.0,1.0,9.08,5.08,2.0,0.0,0.0,0.0,0.0,0.0,0.0,2024-07-05,1,0.629269166596007
2,7.140000000000001,2.11,4.03,0.8,0.0,0.0,0.0,0.0,0.0,1.0,7.1,4.1,0.0,0.0,0.0,0.0,0.0,0.0,1.23,0.0,0.0,0.0,0.0,0.0,1.0,12.66,9.66,0.0,0.0,1.0,9.08,5.08,2.0,0.0,2024-07-06,1,0.9690044784812347
0,0.0,0.0,0.0,0.0,2.0,7.140000000000001,2.11,4.03,0.8,0.0,0.0,0.0,0.0,0.0,1.0,7.1,4.1,0.0,0.0,0.0,0.0,0.0,0.0,1.23,0.0,0.0,0.0,0.0,0.0,1.0,12.66,9.66,0.0,0.0,2024-07-07,0,0.4155446643982163
1,9.65,0.0,0.0,0.0,0.0,0.0,0.0,0.0,0.0,2.0,7.140000000000001,2.11,4.03,0.8,0.0,0.0,0.0,0.0,0.0,1.0,7.1,4.1,0.0,0.0,0.0,0.0,0.0,0.0,1.23,0.0,0.0,0.0,0.0,0.0,2024-07-08,1,0.5606462620659777
0,0.0,0.0,0.0,0.63,1.0,9.65,0.0,0.0,0.0,0.0,0.0,0.0,0.0,0.0,2.0,7.140000000000001,2.11,4.03,0.8,0.0,0.0,0.0,0.0,0.0,1.0,7.1,4.1,0.0,0.0,0.0,0.0,0.0,0.0,1.23,2024-07-09,1,0.554490890723717
1,6.0,5.0,0.0,0.0,0.0,0.0,0.0,0.0,0.63,1.0,9.65,0.0,0.0,0.0,0.0,0.0,0.0,0.0,0.0,2.0,7.140000000000001,2.11,4.03,0.8,0.0,0.0,0.0,0.0,0.0,1.0,7.1,4.1,0.0,0.0,2024-07-10,1,0.554490890723717
1,7.0,4.0,0.0,0.0,1.0,6.0,5.0,0.0,0.0,0.0,0.0,0.0,0.0,0.63,1.0,9.65,0.0,0.0,0.0,0.0,0.0,0.0,0.0,0.0,2.0,7.140000000000001,2.11,4.03,0.8,0.0,0.0,0.0,0.0,0.0,2024-07-11,1,0.6169336402802176
0,0.0,0.0,0.0,0.0,1.0,7.0,4.0,0.0,0.0,1.0,6.0,5.0,0.0,0.0,0.0,0.0,0.0,0.0,0.63,1.0,9.65,0.0,0.0,0.0,0.0,0.0,0.0,0.0,0.0,2.0,7.140000000000001,2.11,4.03,0.8,2024-07-12,1,0.629269166596007
0,0.0,0.0,0.0,0.0,0.0,0.0,0.0,0.0,0.0,1.0,7.0,4.0,0.0,0.0,1.0,6.0,5.0,0.0,0.0,0.0,0.0,0.0,0.0,0.63,1.0,9.65,0.0,0.0,0.0,0.0,0.0,0.0,0.0,0.0,2024-07-13,1,0.5486103503581192
1,8.14,6.14,0.0,1.14,0.0,0.0,0.0,0.0,0.0,0.0,0.0,0.0,0.0,0.0,1.0,7.0,4.0,0.0,0.0,1.0,6.0,5.0,0.0,0.0,0.0,0.0,0.0,0.0,0.63,1.0,9.65,0.0,0.0,0.0,2024-07-14,1,0.5238051538250794
0,0.0,0.0,0.0,1.31,1.0,8.14,6.14,0.0,1.14,0.0,0.0,0.0,0.0,0.0,0.0,0.0,0.0,0.0,0.0,1.0,7.0,4.0,0.0,0.0,1.0,6.0,5.0,0.0,0.0,0.0,0.0,0.0,0.0,0.63,2024-07-15,1,0.6169336402802176
0,0.0,0.0,0.0,0.0,0.0,0.0,0.0,0.0,1.31,1.0,8.14,6.14,0.0,1.14,0.0,0.0,0.0,0.0,0.0,0.0,0.0,0.0,0.0,0.0,1.0,7.0,4.0,0.0,0.0,1.0,6.0,5.0,0.0,0.0,2024-07-16,1,0.629269166596007
0,0.0,0.0,0.0,0.0,0.0,0.0,0.0,0.0,0.0,0.0,0.0,0.0,0.0,1.31,1.0,8.14,6.14,0.0,1.14,0.0,0.0,0.0,0.0,0.0,0.0,0.0,0.0,0.0,0.0,1.0,7.0,4.0,0.0,0.0,2024-07-17,0,0.3283832427966143
1,5.6,3.6,0.0,0.0,0.0,0.0,0.0,0.0,0.0,0.0,0.0,0.0,0.0,0.0,0.0,0.0,0.0,0.0,1.31,1.0,8.14,6.14,0.0,1.14,0.0,0.0,0.0,0.0,0.0,0.0,0.0,0.0,0.0,0.0,2024-07-18,0,0.48310155980986397
1,10.0,4.0,0.0,0.0,1.0,5.6,3.6,0.0,0.0,0.0,0.0,0.0,0.0,0.0,0.0,0.0,0.0,0.0,0.0,0.0,0.0,0.0,0.0,1.31,1.0,8.14,6.14,0.0,1.14,0.0,0.0,0.0,0.0,0.0,2024-07-19,1,0.629269166596007
0,0.0,0.0,0.0,0.0,1.0,10.0,4.0,0.0,0.0,1.0,5.6,3.6,0.0,0.0,0.0,0.0,0.0,0.0,0.0,0.0,0.0,0.0,0.0,0.0,0.0,0.0,0.0,0.0,1.31,1.0,8.14,6.14,0.0,1.14,2024-07-20,1,0.5101271279731405
1,8.06,6.06,0.0,0.0,0.0,0.0,0.0,0.0,0.0,1.0,10.0,4.0,0.0,0.0,1.0,5.6,3.6,0.0,0.0,0.0,0.0,0.0,0.0,0.0,0.0,0.0,0.0,0.0,0.0,0.0,0.0,0.0,0.0,1.31,2024-07-21,1,0.5281332515563185
0,0.0,0.0,0.0,0.0,1.0,8.06,6.06,0.0,0.0,0.0,0.0,0.0,0.0,0.0,1.0,10.0,4.0,0.0,0.0,1.0,5.6,3.6,0.0,0.0,0.0,0.0,0.0,0.0,0.0,0.0,0.0,0.0,0.0,0.0,2024-07-22,0,0.4296527466555095
0,0.0,0.0,0.0,0.0,0.0,0.0,0.0,0.0,0.0,1.0,8.06,6.06,0.0,0.0,0.0,0.0,0.0,0.0,0.0,1.0,10.0,4.0,0.0,0.0,1.0,5.6,3.6,0.0,0.0,0.0,0.0,0.0,0.0,0.0,2024-07-23,1,0.629269166596007
0,0.0,0.0,0.0,0.0,0.0,0.0,0.0,0.0,0.0,0.0,0.0,0.0,0.0,0.0,1.0,8.06,6.06,0.0,0.0,0.0,0.0,0.0,0.0,0.0,1.0,10.0,4.0,0.0,0.0,1.0,5.6,3.6,0.0,0.0,2024-07-24,1,0.5582761379800854
1,6.02,4.02,0.0,0.0,0.0,0.0,0.0,0.0,0.0,0.0,0.0,0.0,0.0,0.0,0.0,0.0,0.0,0.0,0.0,1.0,8.06,6.06,0.0,0.0,0.0,0.0,0.0,0.0,0.0,1.0,10.0,4.0,0.0,0.0,2024-07-25,1,0.5107555084350086
1,9.15,7.15,0.0,0.0,1.0,6.02,4.02,0.0,0.0,0.0,0.0,0.0,0.0,0.0,0.0,0.0,0.0,0.0,0.0,0.0,0.0,0.0,0.0,0.0,1.0,8.06,6.06,0.0,0.0,0.0,0.0,0.0,0.0,0.0,2024-07-26,1,0.629269166596007
1,3.3,1.46,0.0,1.32,1.0,9.15,7.15,0.0,0.0,1.0,6.02,4.02,0.0,0.0,0.0,0.0,0.0,0.0,0.0,0.0,0.0,0.0,0.0,0.0,0.0,0.0,0.0,0.0,0.0,1.0,8.06,6.06,0.0,0.0,2024-07-27,1,0.5101271279731405
1,8.62,5.62,0.0,1.39,1.0,3.3,1.46,0.0,1.32,1.0,9.15,7.15,0.0,0.0,1.0,6.02,4.02,0.0,0.0,0.0,0.0,0.0,0.0,0.0,0.0,0.0,0.0,0.0,0.0,0.0,0.0,0.0,0.0,0.0,2024-07-28,1,0.5915296743078157
0,0.0,0.0,0.0,0.0,1.0,8.62,5.62,0.0,1.39,1.0,3.3,1.46,0.0,1.32,1.0,9.15,7.15,0.0,0.0,1.0,6.02,4.02,0.0,0.0,0.0,0.0,0.0,0.0,0.0,0.0,0.0,0.0,0.0,0.0,2024-07-29,0,0.49707748258306966
0,0.0,0.0,0.0,0.0,0.0,0.0,0.0,0.0,0.0,1.0,8.62,5.62,0.0,1.39,1.0,3.3,1.46,0.0,1.32,1.0,9.15,7.15,0.0,0.0,1.0,6.02,4.02,0.0,0.0,0.0,0.0,0.0,0.0,0.0,2024-07-30,1,0.629269166596007
1,9.18,7.18,0.0,0.0,0.0,0.0,0.0,0.0,0.0,0.0,0.0,0.0,0.0,0.0,1.0,8.62,5.62,0.0,1.39,1.0,3.3,1.46,0.0,1.32,1.0,9.15,7.15,0.0,0.0,1.0,6.02,4.02,0.0,0.0,2024-07-31,1,0.629269166596007
1,6.38,1.0,0.0,0.0,1.0,9.18,7.18,0.0,0.0,0.0,0.0,0.0,0.0,0.0,0.0,0.0,0.0,0.0,0.0,1.0,8.62,5.62,0.0,1.39,1.0,3.3,1.46,0.0,1.32,1.0,9.15,7.15,0.0,0.0,2024-08-01,1,0.6169336402802176
0,0.0,0.0,0.0,0.0,1.0,6.38,1.0,0.0,0.0,1.0,9.18,7.18,0.0,0.0,0.0,0.0,0.0,0.0,0.0,0.0,0.0,0.0,0.0,0.0,1.0,8.62,5.62,0.0,1.39,1.0,3.3,1.46,0.0,1.32,2024-08-02,1,0.6981601243791858
1,6.18,5.18,0.0,0.0,0.0,0.0,0.0,0.0,0.0,1.0,6.38,1.0,0.0,0.0,1.0,9.18,7.18,0.0,0.0,0.0,0.0,0.0,0.0,0.0,0.0,0.0,0.0,0.0,0.0,1.0,8.62,5.62,0.0,1.39,2024-08-03,1,0.5101271279731405
1,12.53,11.53,0.0,0.0,1.0,6.18,5.18,0.0,0.0,0.0,0.0,0.0,0.0,0.0,1.0,6.38,1.0,0.0,0.0,1.0,9.18,7.18,0.0,0.0,0.0,0.0,0.0,0.0,0.0,0.0,0.0,0.0,0.0,0.0,2024-08-04,1,0.582778515626478
0,0.0,0.0,0.0,0.0,1.0,12.53,11.53,0.0,0.0,1.0,6.18,5.18,0.0,0.0,0.0,0.0,0.0,0.0,0.0,1.0,6.38,1.0,0.0,0.0,1.0,9.18,7.18,0.0,0.0,0.0,0.0,0.0,0.0,0.0,2024-08-05,1,0.6745500654724116
1,9.84,5.0,2.84,0.0,0.0,0.0,0.0,0.0,0.0,1.0,12.53,11.53,0.0,0.0,1.0,6.18,5.18,0.0,0.0,0.0,0.0,0.0,0.0,0.0,1.0,6.38,1.0,0.0,0.0,1.0,9.18,7.18,0.0,0.0,2024-08-06,1,0.8253368358202133
0,0.0,0.0,0.0,0.0,1.0,9.84,5.0,2.84,0.0,0.0,0.0,0.0,0.0,0.0,1.0,12.53,11.53,0.0,0.0,1.0,6.18,5.18,0.0,0.0,0.0,0.0,0.0,0.0,0.0,1.0,6.38,1.0,0.0,0.0,2024-08-07,0,0.43527639481700914
1,6.3,4.3,0.0,0.79,0.0,0.0,0.0,0.0,0.0,1.0,9.84,5.0,2.84,0.0,0.0,0.0,0.0,0.0,0.0,1.0,12.53,11.53,0.0,0.0,1.0,6.18,5.18,0.0,0.0,0.0,0.0,0.0,0.0,0.0,2024-08-08,1,0.6813732247284878
0,0.0,0.0,0.0,1.48,1.0,6.3,4.3,0.0,0.79,0.0,0.0,0.0,0.0,0.0,1.0,9.84,5.0,2.84,0.0,0.0,0.0,0.0,0.0,0.0,1.0,12.53,11.53,0.0,0.0,1.0,6.18,5.18,0.0,0.0,2024-08-09,1,0.6745500654724116
1,3.25,0.0,0.0,0.0,0.0,0.0,0.0,0.0,1.48,1.0,6.3,4.3,0.0,0.79,0.0,0.0,0.0,0.0,0.0,1.0,9.84,5.0,2.84,0.0,0.0,0.0,0.0,0.0,0.0,1.0,12.53,11.53,0.0,0.0,2024-08-10,1,0.6169336402802176
2,12.709999999999999,5.0,5.1,0.0,1.0,3.25,0.0,0.0,0.0,0.0,0.0,0.0,0.0,1.48,1.0,6.3,4.3,0.0,0.79,0.0,0.0,0.0,0.0,0.0,1.0,9.84,5.0,2.84,0.0,0.0,0.0,0.0,0.0,0.0,2024-08-11,1,0.8585737315045339
1,7.29,6.29,0.0,0.0,2.0,12.709999999999999,5.0,5.1,0.0,1.0,3.25,0.0,0.0,0.0,0.0,0.0,0.0,0.0,1.48,1.0,6.3,4.3,0.0,0.79,0.0,0.0,0.0,0.0,0.0,1.0,9.84,5.0,2.84,0.0,2024-08-12,1,0.629269166596007
0,0.0,0.0,0.0,0.0,1.0,7.29,6.29,0.0,0.0,2.0,12.709999999999999,5.0,5.1,0.0,1.0,3.25,0.0,0.0,0.0,0.0,0.0,0.0,0.0,1.48,1.0,6.3,4.3,0.0,0.79,0.0,0.0,0.0,0.0,0.0,2024-08-13,1,0.6169336402802176
0,0.0,0.0,0.0,0.0,0.0,0.0,0.0,0.0,0.0,1.0,7.29,6.29,0.0,0.0,2.0,12.709999999999999,5.0,5.1,0.0,1.0,3.25,0.0,0.0,0.0,0.0,0.0,0.0,0.0,1.48,1.0,6.3,4.3,0.0,0.79,2024-08-14,1,0.5622883762100581
1,10.12,9.12,0.0,0.0,0.0,0.0,0.0,0.0,0.0,0.0,0.0,0.0,0.0,0.0,1.0,7.29,6.29,0.0,0.0,2.0,12.709999999999999,5.0,5.1,0.0,1.0,3.25,0.0,0.0,0.0,0.0,0.0,0.0,0.0,1.48,2024-08-15,1,0.629269166596007
1,12.0,8.0,1.0,0.0,1.0,10.12,9.12,0.0,0.0,0.0,0.0,0.0,0.0,0.0,0.0,0.0,0.0,0.0,0.0,1.0,7.29,6.29,0.0,0.0,2.0,12.709999999999999,5.0,5.1,0.0,1.0,3.25,0.0,0.0,0.0,2024-08-16,1,0.8994015852605314
1,10.02,9.0,0.02,0.0,1.0,12.0,8.0,1.0,0.0,1.0,10.12,9.12,0.0,0.0,0.0,0.0,0.0,0.0,0.0,0.0,0.0,0.0,0.0,0.0,1.0,7.29,6.29,0.0,0.0,2.0,12.709999999999999,5.0,5.1,0.0,2024-08-17,1,0.9695745941507752
0,0.0,0.0,0.0,0.0,1.0,10.02,9.0,0.02,0.0,1.0,12.0,8.0,1.0,0.0,1.0,10.12,9.12,0.0,0.0,0.0,0.0,0.0,0.0,0.0,0.0,0.0,0.0,0.0,0.0,1.0,7.29,6.29,0.0,0.0,2024-08-18,1,0.5451409626030171
0,0.0,0.0,0.0,0.0,0.0,0.0,0.0,0.0,0.0,1.0,10.02,9.0,0.02,0.0,1.0,12.0,8.0,1.0,0.0,1.0,10.12,9.12,0.0,0.0,0.0,0.0,0.0,0.0,0.0,0.0,0.0,0.0,0.0,0.0,2024-08-19,1,0.6169336402802176
1,11.78,9.78,0.0,0.0,0.0,0.0,0.0,0.0,0.0,0.0,0.0,0.0,0.0,0.0,1.0,10.02,9.0,0.02,0.0,1.0,12.0,8.0,1.0,0.0,1.0,10.12,9.12,0.0,0.0,0.0,0.0,0.0,0.0,0.0,2024-08-20,1,0.8463987774317774
0,0.0,0.0,0.0,1.03,1.0,11.78,9.78,0.0,0.0,0.0,0.0,0.0,0.0,0.0,0.0,0.0,0.0,0.0,0.0,1.0,10.02,9.0,0.02,0.0,1.0,12.0,8.0,1.0,0.0,1.0,10.12,9.12,0.0,0.0,2024-08-21,1,0.6935202551743085
1,9.32,2.32,0.0,0.0,0.0,0.0,0.0,0.0,1.03,1.0,11.78,9.78,0.0,0.0,0.0,0.0,0.0,0.0,0.0,0.0,0.0,0.0,0.0,0.0,1.0,10.02,9.0,0.02,0.0,1.0,12.0,8.0,1.0,0.0,2024-08-22,1,0.972673709501203
1,7.41,4.0,3.41,0.0,1.0,9.32,2.32,0.0,0.0,0.0,0.0,0.0,0.0,1.03,1.0,11.78,9.78,0.0,0.0,0.0,0.0,0.0,0.0,0.0,0.0,0.0,0.0,0.0,0.0,1.0,10.02,9.0,0.02,0.0,2024-08-23,1,0.5846357344225677
0,0.0,0.0,0.0,0.0,1.0,7.41,4.0,3.41,0.0,1.0,9.32,2.32,0.0,0.0,0.0,0.0,0.0,0.0,1.03,1.0,11.78,9.78,0.0,0.0,0.0,0.0,0.0,0.0,0.0,0.0,0.0,0.0,0.0,0.0,2024-08-24,1,0.5281332515563185
1,15.27,14.27,0.0,0.0,0.0,0.0,0.0,0.0,0.0,1.0,7.41,4.0,3.41,0.0,1.0,9.32,2.32,0.0,0.0,0.0,0.0,0.0,0.0,1.03,1.0,11.78,9.78,0.0,0.0,0.0,0.0,0.0,0.0,0.0,2024-08-25,1,0.9035257407491203
1,3.82,2.82,0.0,0.0,1.0,15.27,14.27,0.0,0.0,0.0,0.0,0.0,0.0,0.0,1.0,7.41,4.0,3.41,0.0,1.0,9.32,2.32,0.0,0.0,0.0,0.0,0.0,0.0,1.03,1.0,11.78,9.78,0.0,0.0,2024-08-26,0,0.48310155980986397
1,11.02,6.02,1.0,0.0,1.0,3.82,2.82,0.0,0.0,1.0,15.27,14.27,0.0,0.0,0.0,0.0,0.0,0.0,0.0,1.0,7.41,4.0,3.41,0.0,1.0,9.32,2.32,0.0,0.0,0.0,0.0,0.0,0.0,1.03,2024-08-27,1,0.9602906338782645
0,0.0,0.0,0.0,0.0,1.0,11.02,6.02,1.0,0.0,1.0,3.82,2.82,0.0,0.0,1.0,15.27,14.27,0.0,0.0,0.0,0.0,0.0,0.0,0.0,1.0,7.41,4.0,3.41,0.0,1.0,9.32,2.32,0.0,0.0,2024-08-28,1,0.629269166596007
1,10.6,2.0,0.0,0.0,0.0,0.0,0.0,0.0,0.0,1.0,11.02,6.02,1.0,0.0,1.0,3.82,2.82,0.0,0.0,1.0,15.27,14.27,0.0,0.0,0.0,0.0,0.0,0.0,0.0,1.0,7.41,4.0,3.41,0.0,2024-08-29,1,0.8366169942134352
1,4.68,3.68,0.0,0.0,1.0,10.6,2.0,0.0,0.0,0.0,0.0,0.0,0.0,0.0,1.0,11.02,6.02,1.0,0.0,1.0,3.82,2.82,0.0,0.0,1.0,15.27,14.27,0.0,0.0,0.0,0.0,0.0,0.0,0.0,2024-08-30,1,0.7904211880815583
0,0.0,0.0,0.0,0.0,1.0,4.68,3.68,0.0,0.0,1.0,10.6,2.0,0.0,0.0,0.0,0.0,0.0,0.0,0.0,1.0,11.02,6.02,1.0,0.0,1.0,3.82,2.82,0.0,0.0,1.0,15.27,14.27,0.0,0.0,2024-08-31,1,0.629269166596007
4,12.84,6.1899999999999995,0.54,0.0,0.0,0.0,0.0,0.0,0.0,1.0,4.68,3.68,0.0,0.0,1.0,10.6,2.0,0.0,0.0,0.0,0.0,0.0,0.0,0.0,1.0,11.02,6.02,1.0,0.0,1.0,3.82,2.82,0.0,0.0,2024-09-01,1,0.7375784858586198
0,0.0,0.0,0.0,0.0,4.0,12.84,6.1899999999999995,0.54,0.0,0.0,0.0,0.0,0.0,0.0,1.0,4.68,3.68,0.0,0.0,1.0,10.6,2.0,0.0,0.0,0.0,0.0,0.0,0.0,0.0,1.0,11.02,6.02,1.0,0.0,2024-09-02,1,0.5517749619514902
1,9.84,5.84,2.0,0.0,0.0,0.0,0.0,0.0,0.0,4.0,12.84,6.1899999999999995,0.54,0.0,0.0,0.0,0.0,0.0,0.0,1.0,4.68,3.68,0.0,0.0,1.0,10.6,2.0,0.0,0.0,0.0,0.0,0.0,0.0,0.0,2024-09-03,1,0.8253368358202133
1,6.43,0.43,0.0,1.08,1.0,9.84,5.84,2.0,0.0,0.0,0.0,0.0,0.0,0.0,4.0,12.84,6.1899999999999995,0.54,0.0,0.0,0.0,0.0,0.0,0.0,1.0,4.68,3.68,0.0,0.0,1.0,10.6,2.0,0.0,0.0,2024-09-04,1,0.5837290775928903
0,0.0,0.0,0.0,0.0,1.0,6.43,0.43,0.0,1.08,1.0,9.84,5.84,2.0,0.0,0.0,0.0,0.0,0.0,0.0,4.0,12.84,6.1899999999999995,0.54,0.0,0.0,0.0,0.0,0.0,0.0,1.0,4.68,3.68,0.0,0.0,2024-09-05,1,0.6095720213152994
0,0.0,0.0,0.0,0.0,0.0,0.0,0.0,0.0,0.0,1.0,6.43,0.43,0.0,1.08,1.0,9.84,5.84,2.0,0.0,0.0,0.0,0.0,0.0,0.0,4.0,12.84,6.1899999999999995,0.54,0.0,0.0,0.0,0.0,0.0,0.0,2024-09-06,1,0.6169336402802176
0,0.0,0.0,0.0,1.0,0.0,0.0,0.0,0.0,0.0,0.0,0.0,0.0,0.0,0.0,1.0,6.43,0.43,0.0,1.08,1.0,9.84,5.84,2.0,0.0,0.0,0.0,0.0,0.0,0.0,4.0,12.84,6.1899999999999995,0.54,0.0,2024-09-07,0,0.4816414012783663
1,5.27,2.27,0.0,0.0,0.0,0.0,0.0,0.0,1.0,0.0,0.0,0.0,0.0,0.0,0.0,0.0,0.0,0.0,0.0,1.0,6.43,0.43,0.0,1.08,1.0,9.84,5.84,2.0,0.0,0.0,0.0,0.0,0.0,0.0,2024-09-08,1,0.629269166596007
0,0.0,0.0,0.0,0.0,1.0,5.27,2.27,0.0,0.0,0.0,0.0,0.0,0.0,1.0,0.0,0.0,0.0,0.0,0.0,0.0,0.0,0.0,0.0,0.0,1.0,6.43,0.43,0.0,1.08,1.0,9.84,5.84,2.0,0.0,2024-09-09,1,0.5613098835286622
0,0.0,0.0,0.0,0.0,0.0,0.0,0.0,0.0,0.0,1.0,5.27,2.27,0.0,0.0,0.0,0.0,0.0,0.0,1.0,0.0,0.0,0.0,0.0,0.0,0.0,0.0,0.0,0.0,0.0,1.0,6.43,0.43,0.0,1.08,2024-09-10,0,0.4694235339579251
0,0.0,0.0,0.0,0.0,0.0,0.0,0.0,0.0,0.0,0.0,0.0,0.0,0.0,0.0,1.0,5.27,2.27,0.0,0.0,0.0,0.0,0.0,0.0,1.0,0.0,0.0,0.0,0.0,0.0,0.0,0.0,0.0,0.0,0.0,2024-09-11,0,0.3353063197196912
0,0.0,0.0,0.0,0.0,0.0,0.0,0.0,0.0,0.0,0.0,0.0,0.0,0.0,0.0,0.0,0.0,0.0,0.0,0.0,1.0,5.27,2.27,0.0,0.0,0.0,0.0,0.0,0.0,1.0,0.0,0.0,0.0,0.0,0.0,2024-09-12,0,0.4679633754264274
0,0.0,0.0,0.0,0.0,0.0,0.0,0.0,0.0,0.0,0.0,0.0,0.0,0.0,0.0,0.0,0.0,0.0,0.0,0.0,0.0,0.0,0.0,0.0,0.0,1.0,5.27,2.27,0.0,0.0,0.0,0.0,0.0,0.0,1.0,2024-09-13,0,0.4694235339579251
1,2.37,0.0,0.0,0.0,0.0,0.0,0.0,0.0,0.0,0.0,0.0,0.0,0.0,0.0,0.0,0.0,0.0,0.0,0.0,0.0,0.0,0.0,0.0,0.0,0.0,0.0,0.0,0.0,0.0,1.0,5.27,2.27,0.0,0.0,2024-09-14,0,0.3934646540657784
0,0.0,0.0,0.0,0.74,1.0,2.37,0.0,0.0,0.0,0.0,0.0,0.0,0.0,0.0,0.0,0.0,0.0,0.0,0.0,0.0,0.0,0.0,0.0,0.0,0.0,0.0,0.0,0.0,0.0,0.0,0.0,0.0,0.0,0.0,2024-09-15,0,0.3529892579552547
0,0.0,0.0,0.0,0.0,0.0,0.0,0.0,0.0,0.74,1.0,2.37,0.0,0.0,0.0,0.0,0.0,0.0,0.0,0.0,0.0,0.0,0.0,0.0,0.0,0.0,0.0,0.0,0.0,0.0,0.0,0.0,0.0,0.0,0.0,2024-09-16,0,0.35186355439052674
0,0.0,0.0,0.0,1.26,0.0,0.0,0.0,0.0,0.0,0.0,0.0,0.0,0.0,0.74,1.0,2.37,0.0,0.0,0.0,0.0,0.0,0.0,0.0,0.0,0.0,0.0,0.0,0.0,0.0,0.0,0.0,0.0,0.0,0.0,2024-09-17,0,0.3353063197196912
1,2.43,0.0,0.0,0.27,0.0,0.0,0.0,0.0,1.26,0.0,0.0,0.0,0.0,0.0,0.0,0.0,0.0,0.0,0.74,1.0,2.37,0.0,0.0,0.0,0.0,0.0,0.0,0.0,0.0,0.0,0.0,0.0,0.0,0.0,2024-09-18,0,0.42180313144869325
0,0.0,0.0,0.0,0.85,1.0,2.43,0.0,0.0,0.27,0.0,0.0,0.0,0.0,1.26,0.0,0.0,0.0,0.0,0.0,0.0,0.0,0.0,0.0,0.74,1.0,2.37,0.0,0.0,0.0,0.0,0.0,0.0,0.0,0.0,2024-09-19,0,0.3938832204364574
0,0.0,0.0,0.0,0.0,0.0,0.0,0.0,0.0,0.85,1.0,2.43,0.0,0.0,0.27,0.0,0.0,0.0,0.0,1.26,0.0,0.0,0.0,0.0,0.0,0.0,0.0,0.0,0.0,0.74,1.0,2.37,0.0,0.0,0.0,2024-09-20,0,0.35992109489204294
0,0.0,0.0,0.0,2.86,0.0,0.0,0.0,0.0,0.0,0.0,0.0,0.0,0.0,0.85,1.0,2.43,0.0,0.0,0.27,0.0,0.0,0.0,0.0,1.26,0.0,0.0,0.0,0.0,0.0,0.0,0.0,0.0,0.0,0.74,2024-09-21,0,0.3364320232844192
0,0.0,0.0,0.0,0.83,0.0,0.0,0.0,0.0,2.86,0.0,0.0,0.0,0.0,0.0,0.0,0.0,0.0,0.0,0.85,1.0,2.43,0.0,0.0,0.27,0.0,0.0,0.0,0.0,1.26,0.0,0.0,0.0,0.0,0.0,2024-09-22,0,0.42554946025719964
0,0.0,0.0,0.0,0.0,0.0,0.0,0.0,0.0,0.83,0.0,0.0,0.0,0.0,2.86,0.0,0.0,0.0,0.0,0.0,0.0,0.0,0.0,0.0,0.85,1.0,2.43,0.0,0.0,0.27,0.0,0.0,0.0,0.0,1.26,2024-09-23,0,0.4679633754264274
0,0.0,0.0,0.0,0.12,0.0,0.0,0.0,0.0,0.0,0.0,0.0,0.0,0.0,0.83,0.0,0.0,0.0,0.0,2.86,0.0,0.0,0.0,0.0,0.0,0.0,0.0,0.0,0.0,0.85,1.0,2.43,0.0,0.0,0.27,2024-09-24,0,0.34223815665647944
1,5.01,3.01,0.0,0.0,0.0,0.0,0.0,0.0,0.12,0.0,0.0,0.0,0.0,0.0,0.0,0.0,0.0,0.0,0.83,0.0,0.0,0.0,0.0,2.86,0.0,0.0,0.0,0.0,0.0,0.0,0.0,0.0,0.0,0.85,2024-09-25,0,0.4367365533485068
0,0.0,0.0,0.0,0.73,1.0,5.01,3.01,0.0,0.0,0.0,0.0,0.0,0.0,0.12,0.0,0.0,0.0,0.0,0.0,0.0,0.0,0.0,0.0,0.83,0.0,0.0,0.0,0.0,2.86,0.0,0.0,0.0,0.0,0.0,2024-09-26,0,0.412339805920254
0,0.0,0.0,0.0,0.0,0.0,0.0,0.0,0.0,0.73,1.0,5.01,3.01,0.0,0.0,0.0,0.0,0.0,0.0,0.12,0.0,0.0,0.0,0.0,0.0,0.0,0.0,0.0,0.0,0.83,0.0,0.0,0.0,0.0,2.86,2024-09-27,1,0.5101271279731405
0,0.0,0.0,0.0,0.0,0.0,0.0,0.0,0.0,0.0,0.0,0.0,0.0,0.0,0.73,1.0,5.01,3.01,0.0,0.0,0.0,0.0,0.0,0.0,0.12,0.0,0.0,0.0,0.0,0.0,0.0,0.0,0.0,0.0,0.83,2024-09-28,0,0.3529892579552547
0,0.0,0.0,0.0,0.0,0.0,0.0,0.0,0.0,0.0,0.0,0.0,0.0,0.0,0.0,0.0,0.0,0.0,0.0,0.73,1.0,5.01,3.01,0.0,0.0,0.0,0.0,0.0,0.0,0.12,0.0,0.0,0.0,0.0,0.0,2024-09-29,0,0.4296527466555095
0,0.0,0.0,0.0,0.93,0.0,0.0,0.0,0.0,0.0,0.0,0.0,0.0,0.0,0.0,0.0,0.0,0.0,0.0,0.0,0.0,0.0,0.0,0.0,0.73,1.0,5.01,3.01,0.0,0.0,0.0,0.0,0.0,0.0,0.12,2024-09-30,0,0.4694235339579251
0,0.0,0.0,0.0,0.57,0.0,0.0,0.0,0.0,0.93,0.0,0.0,0.0,0.0,0.0,0.0,0.0,0.0,0.0,0.0,0.0,0.0,0.0,0.0,0.0,0.0,0.0,0.0,0.0,0.73,1.0,5.01,3.01,0.0,0.0,2024-10-01,0,0.35879539132731497
0,0.0,0.0,0.0,1.09,0.0,0.0,0.0,0.0,0.57,0.0,0.0,0.0,0.0,0.93,0.0,0.0,0.0,0.0,0.0,0.0,0.0,0.0,0.0,0.0,0.0,0.0,0.0,0.0,0.0,0.0,0.0,0.0,0.0,0.73,2024-10-02,0,0.3529892579552547
0,0.0,0.0,0.0,0.56,0.0,0.0,0.0,0.0,1.09,0.0,0.0,0.0,0.0,0.57,0.0,0.0,0.0,0.0,0.93,0.0,0.0,0.0,0.0,0.0,0.0,0.0,0.0,0.0,0.0,0.0,0.0,0.0,0.0,0.0,2024-10-03,0,0.3353063197196912
0,0.0,0.0,0.0,0.0,0.0,0.0,0.0,0.0,0.56,0.0,0.0,0.0,0.0,1.09,0.0,0.0,0.0,0.0,0.57,0.0,0.0,0.0,0.0,0.93,0.0,0.0,0.0,0.0,0.0,0.0,0.0,0.0,0.0,0.0,2024-10-04,0,0.3353063197196912
0,0.0,0.0,0.0,0.0,0.0,0.0,0.0,0.0,0.0,0.0,0.0,0.0,0.0,0.56,0.0,0.0,0.0,0.0,1.09,0.0,0.0,0.0,0.0,0.57,0.0,0.0,0.0,0.0,0.93,0.0,0.0,0.0,0.0,0.0,2024-10-05,0,0.34336386022120746
0,0.0,0.0,0.0,0.0,0.0,0.0,0.0,0.0,0.0,0.0,0.0,0.0,0.0,0.0,0.0,0.0,0.0,0.0,0.56,0.0,0.0,0.0,0.0,1.09,0.0,0.0,0.0,0.0,0.57,0.0,0.0,0.0,0.0,0.93,2024-10-06,0,0.35992109489204294
0,0.0,0.0,0.0,0.0,0.0,0.0,0.0,0.0,0.0,0.0,0.0,0.0,0.0,0.0,0.0,0.0,0.0,0.0,0.0,0.0,0.0,0.0,0.0,0.56,0.0,0.0,0.0,0.0,1.09,0.0,0.0,0.0,0.0,0.57,2024-10-07,0,0.3655447430535426
0,0.0,0.0,0.0,0.65,0.0,0.0,0.0,0.0,0.0,0.0,0.0,0.0,0.0,0.0,0.0,0.0,0.0,0.0,0.0,0.0,0.0,0.0,0.0,0.0,0.0,0.0,0.0,0.0,0.56,0.0,0.0,0.0,0.0,1.09,2024-10-08,0,0.3640262774166328
0,0.0,0.0,0.0,0.0,0.0,0.0,0.0,0.0,0.65,0.0,0.0,0.0,0.0,0.0,0.0,0.0,0.0,0.0,0.0,0.0,0.0,0.0,0.0,0.0,0.0,0.0,0.0,0.0,0.0,0.0,0.0,0.0,0.0,0.56,2024-10-09,0,0.35186355439052674
0,0.0,0.0,0.0,0.8,0.0,0.0,0.0,0.0,0.0,0.0,0.0,0.0,0.0,0.65,0.0,0.0,0.0,0.0,0.0,0.0,0.0,0.0,0.0,0.0,0.0,0.0,0.0,0.0,0.0,0.0,0.0,0.0,0.0,0.0,2024-10-10,0,0.3353063197196912
0,0.0,0.0,0.0,0.0,0.0,0.0,0.0,0.0,0.8,0.0,0.0,0.0,0.0,0.0,0.0,0.0,0.0,0.0,0.65,0.0,0.0,0.0,0.0,0.0,0.0,0.0,0.0,0.0,0.0,0.0,0.0,0.0,0.0,0.0,2024-10-11,0,0.3353063197196912
0,0.0,0.0,0.0,0.0,0.0,0.0,0.0,0.0,0.0,0.0,0.0,0.0,0.0,0.8,0.0,0.0,0.0,0.0,0.0,0.0,0.0,0.0,0.0,0.65,0.0,0.0,0.0,0.0,0.0,0.0,0.0,0.0,0.0,0.0,2024-10-12,0,0.3353063197196912
0,0.0,0.0,0.0,0.0,0.0,0.0,0.0,0.0,0.0,0.0,0.0,0.0,0.0,0.0,0.0,0.0,0.0,0.0,0.8,0.0,0.0,0.0,0.0,0.0,0.0,0.0,0.0,0.0,0.65,0.0,0.0,0.0,0.0,0.0,2024-10-13,0,0.34223815665647944
0,0.0,0.0,0.0,1.69,0.0,0.0,0.0,0.0,0.0,0.0,0.0,0.0,0.0,0.0,0.0,0.0,0.0,0.0,0.0,0.0,0.0,0.0,0.0,0.8,0.0,0.0,0.0,0.0,0.0,0.0,0.0,0.0,0.0,0.65,2024-10-14,0,0.35186355439052674
0,0.0,0.0,0.0,0.14,0.0,0.0,0.0,0.0,1.69,0.0,0.0,0.0,0.0,0.0,0.0,0.0,0.0,0.0,0.0,0.0,0.0,0.0,0.0,0.0,0.0,0.0,0.0,0.0,0.8,0.0,0.0,0.0,0.0,0.0,2024-10-15,0,0.35879539132731497
0,0.0,0.0,0.0,0.0,0.0,0.0,0.0,0.0,0.14,0.0,0.0,0.0,0.0,1.69,0.0,0.0,0.0,0.0,0.0,0.0,0.0,0.0,0.0,0.0,0.0,0.0,0.0,0.0,0.0,0.0,0.0,0.0,0.0,0.8,2024-10-16,0,0.3529892579552547
0,0.0,0.0,0.0,0.73,0.0,0.0,0.0,0.0,0.0,0.0,0.0,0.0,0.0,0.14,0.0,0.0,0.0,0.0,1.69,0.0,0.0,0.0,0.0,0.0,0.0,0.0,0.0,0.0,0.0,0.0,0.0,0.0,0.0,0.0,2024-10-17,0,0.3353063197196912
0,0.0,0.0,0.0,0.37,0.0,0.0,0.0,0.0,0.73,0.0,0.0,0.0,0.0,0.0,0.0,0.0,0.0,0.0,0.14,0.0,0.0,0.0,0.0,1.69,0.0,0.0,0.0,0.0,0.0,0.0,0.0,0.0,0.0,0.0,2024-10-18,0,0.35186355439052674
0,0.0,0.0,0.0,0.0,0.0,0.0,0.0,0.0,0.37,0.0,0.0,0.0,0.0,0.73,0.0,0.0,0.0,0.0,0.0,0.0,0.0,0.0,0.0,0.14,0.0,0.0,0.0,0.0,1.69,0.0,0.0,0.0,0.0,0.0,2024-10-19,0,0.3982317236629609
0,0.0,0.0,0.0,1.22,0.0,0.0,0.0,0.0,0.0,0.0,0.0,0.0,0.0,0.37,0.0,0.0,0.0,0.0,0.73,0.0,0.0,0.0,0.0,0.0,0.0,0.0,0.0,0.0,0.14,0.0,0.0,0.0,0.0,1.69,2024-10-20,0,0.39501725122478365
0,0.0,0.0,0.0,0.0,0.0,0.0,0.0,0.0,1.22,0.0,0.0,0.0,0.0,0.0,0.0,0.0,0.0,0.0,0.37,0.0,0.0,0.0,0.0,0.73,0.0,0.0,0.0,0.0,0.0,0.0,0.0,0.0,0.0,0.14,2024-10-21,0,0.35186355439052674
0,0.0,0.0,0.0,1.09,0.0,0.0,0.0,0.0,0.0,0.0,0.0,0.0,0.0,1.22,0.0,0.0,0.0,0.0,0.0,0.0,0.0,0.0,0.0,0.37,0.0,0.0,0.0,0.0,0.73,0.0,0.0,0.0,0.0,0.0,2024-10-22,0,0.35879539132731497
1,3.0,0.0,0.0,0.0,0.0,0.0,0.0,0.0,1.09,0.0,0.0,0.0,0.0,0.0,0.0,0.0,0.0,0.0,1.22,0.0,0.0,0.0,0.0,0.0,0.0,0.0,0.0,0.0,0.37,0.0,0.0,0.0,0.0,0.73,2024-10-23,0,0.4679633754264274
0,0.0,0.0,0.0,1.22,1.0,3.0,0.0,0.0,0.0,0.0,0.0,0.0,0.0,1.09,0.0,0.0,0.0,0.0,0.0,0.0,0.0,0.0,0.0,1.22,0.0,0.0,0.0,0.0,0.0,0.0,0.0,0.0,0.0,0.37,2024-10-24,0,0.3529892579552547
1,2.1,0.0,0.0,0.42,0.0,0.0,0.0,0.0,1.22,1.0,3.0,0.0,0.0,0.0,0.0,0.0,0.0,0.0,1.09,0.0,0.0,0.0,0.0,0.0,0.0,0.0,0.0,0.0,1.22,0.0,0.0,0.0,0.0,0.0,2024-10-25,0,0.45173149136845636
0,0.0,0.0,0.0,0.0,1.0,2.1,0.0,0.0,0.42,0.0,0.0,0.0,0.0,1.22,1.0,3.0,0.0,0.0,0.0,0.0,0.0,0.0,0.0,1.09,0.0,0.0,0.0,0.0,0.0,0.0,0.0,0.0,0.0,1.22,2024-10-26,0,0.38138515666444633
0,0.0,0.0,0.0,0.88,0.0,0.0,0.0,0.0,0.0,1.0,2.1,0.0,0.0,0.42,0.0,0.0,0.0,0.0,1.22,1.0,3.0,0.0,0.0,0.0,0.0,0.0,0.0,0.0,1.09,0.0,0.0,0.0,0.0,0.0,2024-10-27,0,0.4375010962428346
0,0.0,0.0,0.0,0.0,0.0,0.0,0.0,0.0,0.88,0.0,0.0,0.0,0.0,0.0,1.0,2.1,0.0,0.0,0.42,0.0,0.0,0.0,0.0,1.22,1.0,3.0,0.0,0.0,0.0,0.0,0.0,0.0,0.0,1.09,2024-10-28,0,0.4679633754264274
0,0.0,0.0,0.0,1.36,0.0,0.0,0.0,0.0,0.0,0.0,0.0,0.0,0.0,0.88,0.0,0.0,0.0,0.0,0.0,1.0,2.1,0.0,0.0,0.42,0.0,0.0,0.0,0.0,1.22,1.0,3.0,0.0,0.0,0.0,2024-10-29,0,0.3982317236629609
0,0.0,0.0,0.0,0.36,0.0,0.0,0.0,0.0,1.36,0.0,0.0,0.0,0.0,0.0,0.0,0.0,0.0,0.0,0.88,0.0,0.0,0.0,0.0,0.0,1.0,2.1,0.0,0.0,0.42,0.0,0.0,0.0,0.0,1.22,2024-10-30,0,0.4679633754264274
0,0.0,0.0,0.0,0.0,0.0,0.0,0.0,0.0,0.36,0.0,0.0,0.0,0.0,1.36,0.0,0.0,0.0,0.0,0.0,0.0,0.0,0.0,0.0,0.88,0.0,0.0,0.0,0.0,0.0,1.0,2.1,0.0,0.0,0.42,2024-10-31,0,0.35186355439052674
0,0.0,0.0,0.0,1.3,0.0,0.0,0.0,0.0,0.0,0.0,0.0,0.0,0.0,0.36,0.0,0.0,0.0,0.0,1.36,0.0,0.0,0.0,0.0,0.0,0.0,0.0,0.0,0.0,0.88,0.0,0.0,0.0,0.0,0.0,2024-11-01,0,0.34336386022120746
0,0.0,0.0,0.0,0.0,0.0,0.0,0.0,0.0,1.3,0.0,0.0,0.0,0.0,0.0,0.0,0.0,0.0,0.0,0.36,0.0,0.0,0.0,0.0,1.36,0.0,0.0,0.0,0.0,0.0,0.0,0.0,0.0,0.0,0.88,2024-11-02,0,0.3529892579552547
0,0.0,0.0,0.0,0.64,0.0,0.0,0.0,0.0,0.0,0.0,0.0,0.0,0.0,1.3,0.0,0.0,0.0,0.0,0.0,0.0,0.0,0.0,0.0,0.36,0.0,0.0,0.0,0.0,1.36,0.0,0.0,0.0,0.0,0.0,2024-11-03,0,0.3982317236629609
0,0.0,0.0,0.0,0.44,0.0,0.0,0.0,0.0,0.64,0.0,0.0,0.0,0.0,0.0,0.0,0.0,0.0,0.0,1.3,0.0,0.0,0.0,0.0,0.0,0.0,0.0,0.0,0.0,0.36,0.0,0.0,0.0,0.0,1.36,2024-11-04,0,0.3905341529257463
0,0.0,0.0,0.0,1.15,0.0,0.0,0.0,0.0,0.44,0.0,0.0,0.0,0.0,0.64,0.0,0.0,0.0,0.0,0.0,0.0,0.0,0.0,0.0,1.3,0.0,0.0,0.0,0.0,0.0,0.0,0.0,0.0,0.0,0.36,2024-11-05,0,0.35186355439052674
0,0.0,0.0,0.0,1.09,0.0,0.0,0.0,0.0,1.15,0.0,0.0,0.0,0.0,0.44,0.0,0.0,0.0,0.0,0.64,0.0,0.0,0.0,0.0,0.0,0.0,0.0,0.0,0.0,1.3,0.0,0.0,0.0,0.0,0.0,2024-11-06,0,0.3982317236629609
0,0.0,0.0,0.0,0.14,0.0,0.0,0.0,0.0,1.09,0.0,0.0,0.0,0.0,1.15,0.0,0.0,0.0,0.0,0.44,0.0,0.0,0.0,0.0,0.64,0.0,0.0,0.0,0.0,0.0,0.0,0.0,0.0,0.0,1.3,2024-11-07,0,0.37815054827783534
0,0.0,0.0,0.0,0.98,0.0,0.0,0.0,0.0,0.14,0.0,0.0,0.0,0.0,1.09,0.0,0.0,0.0,0.0,1.15,0.0,0.0,0.0,0.0,0.44,0.0,0.0,0.0,0.0,0.64,0.0,0.0,0.0,0.0,0.0,2024-11-08,0,0.34223815665647944
0,0.0,0.0,0.0,0.0,0.0,0.0,0.0,0.0,0.98,0.0,0.0,0.0,0.0,0.14,0.0,0.0,0.0,0.0,1.09,0.0,0.0,0.0,0.0,1.15,0.0,0.0,0.0,0.0,0.44,0.0,0.0,0.0,0.0,0.64,2024-11-09,0,0.35992109489204294
0,0.0,0.0,0.0,0.0,0.0,0.0,0.0,0.0,0.0,0.0,0.0,0.0,0.0,0.98,0.0,0.0,0.0,0.0,0.14,0.0,0.0,0.0,0.0,1.09,0.0,0.0,0.0,0.0,1.15,0.0,0.0,0.0,0.0,0.44,2024-11-10,0,0.3655447430535426
0,0.0,0.0,0.0,1.1,0.0,0.0,0.0,0.0,0.0,0.0,0.0,0.0,0.0,0.0,0.0,0.0,0.0,0.0,0.98,0.0,0.0,0.0,0.0,0.14,0.0,0.0,0.0,0.0,1.09,0.0,0.0,0.0,0.0,1.15,2024-11-11,0,0.40481411563341635
0,0.0,0.0,0.0,1.86,0.0,0.0,0.0,0.0,1.1,0.0,0.0,0.0,0.0,0.0,0.0,0.0,0.0,0.0,0.0,0.0,0.0,0.0,0.0,0.98,0.0,0.0,0.0,0.0,0.14,0.0,0.0,0.0,0.0,1.09,2024-11-12,0,0.3529892579552547
0,0.0,0.0,0.0,0.0,0.0,0.0,0.0,0.0,1.86,0.0,0.0,0.0,0.0,1.1,0.0,0.0,0.0,0.0,0.0,0.0,0.0,0.0,0.0,0.0,0.0,0.0,0.0,0.0,0.98,0.0,0.0,0.0,0.0,0.14,2024-11-13,0,0.35992109489204294
0,0.0,0.0,0.0,0.83,0.0,0.0,0.0,0.0,0.0,0.0,0.0,0.0,0.0,1.86,0.0,0.0,0.0,0.0,1.1,0.0,0.0,0.0,0.0,0.0,0.0,0.0,0.0,0.0,0.0,0.0,0.0,0.0,0.0,0.98,2024-11-14,0,0.3364320232844192
0,0.0,0.0,0.0,0.48,0.0,0.0,0.0,0.0,0.83,0.0,0.0,0.0,0.0,0.0,0.0,0.0,0.0,0.0,1.86,0.0,0.0,0.0,0.0,1.1,0.0,0.0,0.0,0.0,0.0,0.0,0.0,0.0,0.0,0.0,2024-11-15,0,0.3353063197196912
0,0.0,0.0,0.0,1.21,0.0,0.0,0.0,0.0,0.48,0.0,0.0,0.0,0.0,0.83,0.0,0.0,0.0,0.0,0.0,0.0,0.0,0.0,0.0,1.86,0.0,0.0,0.0,0.0,1.1,0.0,0.0,0.0,0.0,0.0,2024-11-16,0,0.3655447430535426
0,0.0,0.0,0.0,0.0,0.0,0.0,0.0,0.0,1.21,0.0,0.0,0.0,0.0,0.48,0.0,0.0,0.0,0.0,0.83,0.0,0.0,0.0,0.0,0.0,0.0,0.0,0.0,0.0,1.86,0.0,0.0,0.0,0.0,1.1,2024-11-17,0,0.4375010962428346
0,0.0,0.0,0.0,0.0,0.0,0.0,0.0,0.0,0.0,0.0,0.0,0.0,0.0,1.21,0.0,0.0,0.0,0.0,0.48,0.0,0.0,0.0,0.0,0.83,0.0,0.0,0.0,0.0,0.0,0.0,0.0,0.0,0.0,1.86,2024-11-18,0,0.39501725122478365
0,0.0,0.0,0.0,0.53,0.0,0.0,0.0,0.0,0.0,0.0,0.0,0.0,0.0,0.0,0.0,0.0,0.0,0.0,1.21,0.0,0.0,0.0,0.0,0.48,0.0,0.0,0.0,0.0,0.83,0.0,0.0,0.0,0.0,0.0,2024-11-19,0,0.34336386022120746
0,0.0,0.0,0.0,1.86,0.0,0.0,0.0,0.0,0.53,0.0,0.0,0.0,0.0,0.0,0.0,0.0,0.0,0.0,0.0,0.0,0.0,0.0,0.0,1.21,0.0,0.0,0.0,0.0,0.48,0.0,0.0,0.0,0.0,0.83,2024-11-20,0,0.35992109489204294
0,0.0,0.0,0.0,0.0,0.0,0.0,0.0,0.0,1.86,0.0,0.0,0.0,0.0,0.53,0.0,0.0,0.0,0.0,0.0,0.0,0.0,0.0,0.0,0.0,0.0,0.0,0.0,0.0,1.21,0.0,0.0,0.0,0.0,0.48,2024-11-21,0,0.3655447430535426
0,0.0,0.0,0.0,0.0,0.0,0.0,0.0,0.0,0.0,0.0,0.0,0.0,0.0,1.86,0.0,0.0,0.0,0.0,0.53,0.0,0.0,0.0,0.0,0.0,0.0,0.0,0.0,0.0,0.0,0.0,0.0,0.0,0.0,1.21,2024-11-22,0,0.35304563730320404
0,0.0,0.0,0.0,0.0,0.0,0.0,0.0,0.0,0.0,0.0,0.0,0.0,0.0,0.0,0.0,0.0,0.0,0.0,1.86,0.0,0.0,0.0,0.0,0.53,0.0,0.0,0.0,0.0,0.0,0.0,0.0,0.0,0.0,0.0,2024-11-23,0,0.3353063197196912
0,0.0,0.0,0.0,0.0,0.0,0.0,0.0,0.0,0.0,0.0,0.0,0.0,0.0,0.0,0.0,0.0,0.0,0.0,0.0,0.0,0.0,0.0,0.0,1.86,0.0,0.0,0.0,0.0,0.53,0.0,0.0,0.0,0.0,0.0,2024-11-24,0,0.3508484785819471
0,0.0,0.0,0.0,0.8,0.0,0.0,0.0,0.0,0.0,0.0,0.0,0.0,0.0,0.0,0.0,0.0,0.0,0.0,0.0,0.0,0.0,0.0,0.0,0.0,0.0,0.0,0.0,0.0,1.86,0.0,0.0,0.0,0.0,0.53,2024-11-25,0,0.412339805920254
0,0.0,0.0,0.0,0.87,0.0,0.0,0.0,0.0,0.8,0.0,0.0,0.0,0.0,0.0,0.0,0.0,0.0,0.0,0.0,0.0,0.0,0.0,0.0,0.0,0.0,0.0,0.0,0.0,0.0,0.0,0.0,0.0,0.0,1.86,2024-11-26,0,0.39501725122478365
0,0.0,0.0,0.0,0.84,0.0,0.0,0.0,0.0,0.87,0.0,0.0,0.0,0.0,0.8,0.0,0.0,0.0,0.0,0.0,0.0,0.0,0.0,0.0,0.0,0.0,0.0,0.0,0.0,0.0,0.0,0.0,0.0,0.0,0.0,2024-11-27,0,0.35186355439052674
0,0.0,0.0,0.0,1.12,0.0,0.0,0.0,0.0,0.84,0.0,0.0,0.0,0.0,0.87,0.0,0.0,0.0,0.0,0.8,0.0,0.0,0.0,0.0,0.0,0.0,0.0,0.0,0.0,0.0,0.0,0.0,0.0,0.0,0.0,2024-11-28,0,0.3353063197196912
0,0.0,0.0,0.0,0.0,0.0,0.0,0.0,0.0,1.12,0.0,0.0,0.0,0.0,0.84,0.0,0.0,0.0,0.0,0.87,0.0,0.0,0.0,0.0,0.8,0.0,0.0,0.0,0.0,0.0,0.0,0.0,0.0,0.0,0.0,2024-11-29,0,0.3353063197196912
0,0.0,0.0,0.0,0.0,0.0,0.0,0.0,0.0,0.0,0.0,0.0,0.0,0.0,1.12,0.0,0.0,0.0,0.0,0.84,0.0,0.0,0.0,0.0,0.87,0.0,0.0,0.0,0.0,0.8,0.0,0.0,0.0,0.0,0.0,2024-11-30,0,0.34223815665647944
0,0.0,0.0,0.0,2.11,0.0,0.0,0.0,0.0,0.0,0.0,0.0,0.0,0.0,0.0,0.0,0.0,0.0,0.0,1.12,0.0,0.0,0.0,0.0,0.84,0.0,0.0,0.0,0.0,0.87,0.0,0.0,0.0,0.0,0.8,2024-12-01,0,0.35992109489204294
0,0.0,0.0,0.0,0.0,0.0,0.0,0.0,0.0,2.11,0.0,0.0,0.0,0.0,0.0,0.0,0.0,0.0,0.0,0.0,0.0,0.0,0.0,0.0,1.12,0.0,0.0,0.0,0.0,0.84,0.0,0.0,0.0,0.0,0.87,2024-12-02,0,0.3741514900176646
0,0.0,0.0,0.0,0.0,0.0,0.0,0.0,0.0,0.0,0.0,0.0,0.0,0.0,2.11,0.0,0.0,0.0,0.0,0.0,0.0,0.0,0.0,0.0,0.0,0.0,0.0,0.0,0.0,1.12,0.0,0.0,0.0,0.0,0.84,2024-12-03,0,0.3796528253108357
0,0.0,0.0,0.0,0.87,0.0,0.0,0.0,0.0,0.0,0.0,0.0,0.0,0.0,0.0,0.0,0.0,0.0,0.0,2.11,0.0,0.0,0.0,0.0,0.0,0.0,0.0,0.0,0.0,0.0,0.0,0.0,0.0,0.0,1.12,2024-12-04,0,0.3364320232844192
0,0.0,0.0,0.0,0.0,0.0,0.0,0.0,0.0,0.87,0.0,0.0,0.0,0.0,0.0,0.0,0.0,0.0,0.0,0.0,0.0,0.0,0.0,0.0,2.11,0.0,0.0,0.0,0.0,0.0,0.0,0.0,0.0,0.0,0.0,2024-12-05,0,0.35186355439052674
0,0.0,0.0,0.0,0.0,0.0,0.0,0.0,0.0,0.0,0.0,0.0,0.0,0.0,0.87,0.0,0.0,0.0,0.0,0.0,0.0,0.0,0.0,0.0,0.0,0.0,0.0,0.0,0.0,2.11,0.0,0.0,0.0,0.0,0.0,2024-12-06,0,0.412339805920254
0,0.0,0.0,0.0,0.0,0.0,0.0,0.0,0.0,0.0,0.0,0.0,0.0,0.0,0.0,0.0,0.0,0.0,0.0,0.87,0.0,0.0,0.0,0.0,0.0,0.0,0.0,0.0,0.0,0.0,0.0,0.0,0.0,0.0,2.11,2024-12-07,0,0.4040539466459966
0,0.0,0.0,0.0,0.0,0.0,0.0,0.0,0.0,0.0,0.0,0.0,0.0,0.0,0.0,0.0,0.0,0.0,0.0,0.0,0.0,0.0,0.0,0.0,0.87,0.0,0.0,0.0,0.0,0.0,0.0,0.0,0.0,0.0,0.0,2024-12-08,0,0.3353063197196912
0,0.0,0.0,0.0,0.0,0.0,0.0,0.0,0.0,0.0,0.0,0.0,0.0,0.0,0.0,0.0,0.0,0.0,0.0,0.0,0.0,0.0,0.0,0.0,0.0,0.0,0.0,0.0,0.0,0.87,0.0,0.0,0.0,0.0,0.0,2024-12-09,0,0.35992109489204294
0,0.0,0.0,0.0,1.1,0.0,0.0,0.0,0.0,0.0,0.0,0.0,0.0,0.0,0.0,0.0,0.0,0.0,0.0,0.0,0.0,0.0,0.0,0.0,0.0,0.0,0.0,0.0,0.0,0.0,0.0,0.0,0.0,0.0,0.87,2024-12-10,0,0.3529892579552547
0,0.0,0.0,0.0,0.67,0.0,0.0,0.0,0.0,1.1,0.0,0.0,0.0,0.0,0.0,0.0,0.0,0.0,0.0,0.0,0.0,0.0,0.0,0.0,0.0,0.0,0.0,0.0,0.0,0.0,0.0,0.0,0.0,0.0,0.0,2024-12-11,0,0.35186355439052674
0,0.0,0.0,0.0,0.0,0.0,0.0,0.0,0.0,0.67,0.0,0.0,0.0,0.0,1.1,0.0,0.0,0.0,0.0,0.0,0.0,0.0,0.0,0.0,0.0,0.0,0.0,0.0,0.0,0.0,0.0,0.0,0.0,0.0,0.0,2024-12-12,0,0.35186355439052674
0,0.0,0.0,0.0,0.71,0.0,0.0,0.0,0.0,0.0,0.0,0.0,0.0,0.0,0.67,0.0,0.0,0.0,0.0,1.1,0.0,0.0,0.0,0.0,0.0,0.0,0.0,0.0,0.0,0.0,0.0,0.0,0.0,0.0,0.0,2024-12-13,0,0.3353063197196912
0,0.0,0.0,0.0,0.0,0.0,0.0,0.0,0.0,0.71,0.0,0.0,0.0,0.0,0.0,0.0,0.0,0.0,0.0,0.67,0.0,0.0,0.0,0.0,1.1,0.0,0.0,0.0,0.0,0.0,0.0,0.0,0.0,0.0,0.0,2024-12-14,0,0.3353063197196912
0,0.0,0.0,0.0,0.0,0.0,0.0,0.0,0.0,0.0,0.0,0.0,0.0,0.0,0.71,0.0,0.0,0.0,0.0,0.0,0.0,0.0,0.0,0.0,0.67,0.0,0.0,0.0,0.0,1.1,0.0,0.0,0.0,0.0,0.0,2024-12-15,0,0.3655447430535426
0,0.0,0.0,0.0,0.0,0.0,0.0,0.0,0.0,0.0,0.0,0.0,0.0,0.0,0.0,0.0,0.0,0.0,0.0,0.71,0.0,0.0,0.0,0.0,0.0,0.0,0.0,0.0,0.0,0.67,0.0,0.0,0.0,0.0,1.1,2024-12-16,0,0.383493935944244
0,0.0,0.0,0.0,0.0,0.0,0.0,0.0,0.0,0.0,0.0,0.0,0.0,0.0,0.0,0.0,0.0,0.0,0.0,0.0,0.0,0.0,0.0,0.0,0.71,0.0,0.0,0.0,0.0,0.0,0.0,0.0,0.0,0.0,0.67,2024-12-17,0,0.35186355439052674
0,0.0,0.0,0.0,0.0,0.0,0.0,0.0,0.0,0.0,0.0,0.0,0.0,0.0,0.0,0.0,0.0,0.0,0.0,0.0,0.0,0.0,0.0,0.0,0.0,0.0,0.0,0.0,0.0,0.71,0.0,0.0,0.0,0.0,0.0,2024-12-18,0,0.35879539132731497
0,0.0,0.0,0.0,0.0,0.0,0.0,0.0,0.0,0.0,0.0,0.0,0.0,0.0,0.0,0.0,0.0,0.0,0.0,0.0,0.0,0.0,0.0,0.0,0.0,0.0,0.0,0.0,0.0,0.0,0.0,0.0,0.0,0.0,0.71,2024-12-19,0,0.3529892579552547
0,0.0,0.0,0.0,0.0,0.0,0.0,0.0,0.0,0.0,0.0,0.0,0.0,0.0,0.0,0.0,0.0,0.0,0.0,0.0,0.0,0.0,0.0,0.0,0.0,0.0,0.0,0.0,0.0,0.0,0.0,0.0,0.0,0.0,0.0,2024-12-20,0,0.3353063197196912
0,0.0,0.0,0.0,0.0,0.0,0.0,0.0,0.0,0.0,0.0,0.0,0.0,0.0,0.0,0.0,0.0,0.0,0.0,0.0,0.0,0.0,0.0,0.0,0.0,0.0,0.0,0.0,0.0,0.0,0.0,0.0,0.0,0.0,0.0,2024-12-21,0,0.3353063197196912
0,0.0,0.0,0.0,0.0,0.0,0.0,0.0,0.0,0.0,0.0,0.0,0.0,0.0,0.0,0.0,0.0,0.0,0.0,0.0,0.0,0.0,0.0,0.0,0.0,0.0,0.0,0.0,0.0,0.0,0.0,0.0,0.0,0.0,0.0,2024-12-22,0,0.3353063197196912
0,0.0,0.0,0.0,0.0,0.0,0.0,0.0,0.0,0.0,0.0,0.0,0.0,0.0,0.0,0.0,0.0,0.0,0.0,0.0,0.0,0.0,0.0,0.0,0.0,0.0,0.0,0.0,0.0,0.0,0.0,0.0,0.0,0.0,0.0,2024-12-23,0,0.3353063197196912
0,0.0,0.0,0.0,0.15,0.0,0.0,0.0,0.0,0.0,0.0,0.0,0.0,0.0,0.0,0.0,0.0,0.0,0.0,0.0,0.0,0.0,0.0,0.0,0.0,0.0,0.0,0.0,0.0,0.0,0.0,0.0,0.0,0.0,0.0,2024-12-24,0,0.3353063197196912
0,0.0,0.0,0.0,1.64,0.0,0.0,0.0,0.0,0.15,0.0,0.0,0.0,0.0,0.0,0.0,0.0,0.0,0.0,0.0,0.0,0.0,0.0,0.0,0.0,0.0,0.0,0.0,0.0,0.0,0.0,0.0,0.0,0.0,0.0,2024-12-25,0,0.3353063197196912
0,0.0,0.0,0.0,0.0,0.0,0.0,0.0,0.0,1.64,0.0,0.0,0.0,0.0,0.15,0.0,0.0,0.0,0.0,0.0,0.0,0.0,0.0,0.0,0.0,0.0,0.0,0.0,0.0,0.0,0.0,0.0,0.0,0.0,0.0,2024-12-26,0,0.35186355439052674
0,0.0,0.0,0.0,0.0,0.0,0.0,0.0,0.0,0.0,0.0,0.0,0.0,0.0,1.64,0.0,0.0,0.0,0.0,0.15,0.0,0.0,0.0,0.0,0.0,0.0,0.0,0.0,0.0,0.0,0.0,0.0,0.0,0.0,0.0,2024-12-27,0,0.3353063197196912
0,0.0,0.0,0.0,0.0,0.0,0.0,0.0,0.0,0.0,0.0,0.0,0.0,0.0,0.0,0.0,0.0,0.0,0.0,1.64,0.0,0.0,0.0,0.0,0.15,0.0,0.0,0.0,0.0,0.0,0.0,0.0,0.0,0.0,0.0,2024-12-28,0,0.3353063197196912
0,0.0,0.0,0.0,0.84,0.0,0.0,0.0,0.0,0.0,0.0,0.0,0.0,0.0,0.0,0.0,0.0,0.0,0.0,0.0,0.0,0.0,0.0,0.0,1.64,0.0,0.0,0.0,0.0,0.15,0.0,0.0,0.0,0.0,0.0,2024-12-29,0,0.3353063197196912
0,0.0,0.0,0.0,0.0,0.0,0.0,0.0,0.0,0.84,0.0,0.0,0.0,0.0,0.0,0.0,0.0,0.0,0.0,0.0,0.0,0.0,0.0,0.0,0.0,0.0,0.0,0.0,0.0,1.64,0.0,0.0,0.0,0.0,0.15,2024-12-30,0,0.3982317236629609
0,0.0,0.0,0.0,0.88,0.0,0.0,0.0,0.0,0.0,0.0,0.0,0.0,0.0,0.84,0.0,0.0,0.0,0.0,0.0,0.0,0.0,0.0,0.0,0.0,0.0,0.0,0.0,0.0,0.0,0.0,0.0,0.0,0.0,1.64,2024-12-31,0,0.3809091689674905
0,0.0,0.0,0.0,0.0,0.0,0.0,0.0,0.0,0.88,0.0,0.0,0.0,0.0,0.0,0.0,0.0,0.0,0.0,0.84,0.0,0.0,0.0,0.0,0.0,0.0,0.0,0.0,0.0,0.0,0.0,0.0,0.0,0.0,0.0,2025-01-01,0,0.3353063197196912
0,0.0,0.0,0.0,0.75,0.0,0.0,0.0,0.0,0.0,0.0,0.0,0.0,0.0,0.88,0.0,0.0,0.0,0.0,0.0,0.0,0.0,0.0,0.0,0.84,0.0,0.0,0.0,0.0,0.0,0.0,0.0,0.0,0.0,0.0,2025-01-02,0,0.3353063197196912
0,0.0,0.0,0.0,0.0,0.0,0.0,0.0,0.0,0.75,0.0,0.0,0.0,0.0,0.0,0.0,0.0,0.0,0.0,0.88,0.0,0.0,0.0,0.0,0.0,0.0,0.0,0.0,0.0,0.84,0.0,0.0,0.0,0.0,0.0,2025-01-03,0,0.35992109489204294
0,0.0,0.0,0.0,0.0,0.0,0.0,0.0,0.0,0.0,0.0,0.0,0.0,0.0,0.75,0.0,0.0,0.0,0.0,0.0,0.0,0.0,0.0,0.0,0.88,0.0,0.0,0.0,0.0,0.0,0.0,0.0,0.0,0.0,0.84,2025-01-04,0,0.3529892579552547
1,3.0,2.0,0.0,0.0,0.0,0.0,0.0,0.0,0.0,0.0,0.0,0.0,0.0,0.0,0.0,0.0,0.0,0.0,0.75,0.0,0.0,0.0,0.0,0.0,0.0,0.0,0.0,0.0,0.88,0.0,0.0,0.0,0.0,0.0,2025-01-05,0,0.44025971693248983
0,0.0,0.0,0.0,0.0,1.0,3.0,2.0,0.0,0.0,0.0,0.0,0.0,0.0,0.0,0.0,0.0,0.0,0.0,0.0,0.0,0.0,0.0,0.0,0.75,0.0,0.0,0.0,0.0,0.0,0.0,0.0,0.0,0.0,0.88,2025-01-06,0,0.3529892579552547
0,0.0,0.0,0.0,0.15,0.0,0.0,0.0,0.0,0.0,1.0,3.0,2.0,0.0,0.0,0.0,0.0,0.0,0.0,0.0,0.0,0.0,0.0,0.0,0.0,0.0,0.0,0.0,0.0,0.75,0.0,0.0,0.0,0.0,0.0,2025-01-07,0,0.4375010962428346
0,0.0,0.0,0.0,0.0,0.0,0.0,0.0,0.0,0.15,0.0,0.0,0.0,0.0,0.0,1.0,3.0,2.0,0.0,0.0,0.0,0.0,0.0,0.0,0.0,0.0,0.0,0.0,0.0,0.0,0.0,0.0,0.0,0.0,0.75,2025-01-08,0,0.3529892579552547
0,0.0,0.0,0.0,0.0,0.0,0.0,0.0,0.0,0.0,0.0,0.0,0.0,0.0,0.15,0.0,0.0,0.0,0.0,0.0,1.0,3.0,2.0,0.0,0.0,0.0,0.0,0.0,0.0,0.0,0.0,0.0,0.0,0.0,0.0,2025-01-09,0,0.38508238521462357
0,0.0,0.0,0.0,0.35,0.0,0.0,0.0,0.0,0.0,0.0,0.0,0.0,0.0,0.0,0.0,0.0,0.0,0.0,0.15,0.0,0.0,0.0,0.0,0.0,1.0,3.0,2.0,0.0,0.0,0.0,0.0,0.0,0.0,0.0,2025-01-10,0,0.4679633754264274
0,0.0,0.0,0.0,0.0,0.0,0.0,0.0,0.0,0.35,0.0,0.0,0.0,0.0,0.0,0.0,0.0,0.0,0.0,0.0,0.0,0.0,0.0,0.0,0.15,0.0,0.0,0.0,0.0,0.0,1.0,3.0,2.0,0.0,0.0,2025-01-11,0,0.3283832427966143
0,0.0,0.0,0.0,0.0,0.0,0.0,0.0,0.0,0.0,0.0,0.0,0.0,0.0,0.35,0.0,0.0,0.0,0.0,0.0,0.0,0.0,0.0,0.0,0.0,0.0,0.0,0.0,0.0,0.15,0.0,0.0,0.0,0.0,0.0,2025-01-12,0,0.3353063197196912
0,0.0,0.0,0.0,0.68,0.0,0.0,0.0,0.0,0.0,0.0,0.0,0.0,0.0,0.0,0.0,0.0,0.0,0.0,0.35,0.0,0.0,0.0,0.0,0.0,0.0,0.0,0.0,0.0,0.0,0.0,0.0,0.0,0.0,0.15,2025-01-13,0,0.3353063197196912
0,0.0,0.0,0.0,0.0,0.0,0.0,0.0,0.0,0.68,0.0,0.0,0.0,0.0,0.0,0.0,0.0,0.0,0.0,0.0,0.0,0.0,0.0,0.0,0.35,0.0,0.0,0.0,0.0,0.0,0.0,0.0,0.0,0.0,0.0,2025-01-14,0,0.35186355439052674
0,0.0,0.0,0.0,0.52,0.0,0.0,0.0,0.0,0.0,0.0,0.0,0.0,0.0,0.68,0.0,0.0,0.0,0.0,0.0,0.0,0.0,0.0,0.0,0.0,0.0,0.0,0.0,0.0,0.35,0.0,0.0,0.0,0.0,0.0,2025-01-15,0,0.34051106224327204
0,0.0,0.0,0.0,0.0,0.0,0.0,0.0,0.0,0.52,0.0,0.0,0.0,0.0,0.0,0.0,0.0,0.0,0.0,0.68,0.0,0.0,0.0,0.0,0.0,0.0,0.0,0.0,0.0,0.0,0.0,0.0,0.0,0.0,0.35,2025-01-16,0,0.3353063197196912
0,0.0,0.0,0.0,0.75,0.0,0.0,0.0,0.0,0.0,0.0,0.0,0.0,0.0,0.52,0.0,0.0,0.0,0.0,0.0,0.0,0.0,0.0,0.0,0.68,0.0,0.0,0.0,0.0,0.0,0.0,0.0,0.0,0.0,0.0,2025-01-17,0,0.3353063197196912
0,0.0,0.0,0.0,0.0,0.0,0.0,0.0,0.0,0.75,0.0,0.0,0.0,0.0,0.0,0.0,0.0,0.0,0.0,0.52,0.0,0.0,0.0,0.0,0.0,0.0,0.0,0.0,0.0,0.68,0.0,0.0,0.0,0.0,0.0,2025-01-18,0,0.35879539132731497
0,0.0,0.0,0.0,0.0,0.0,0.0,0.0,0.0,0.0,0.0,0.0,0.0,0.0,0.75,0.0,0.0,0.0,0.0,0.0,0.0,0.0,0.0,0.0,0.52,0.0,0.0,0.0,0.0,0.0,0.0,0.0,0.0,0.0,0.68,2025-01-19,0,0.35186355439052674
0,0.0,0.0,0.0,0.57,0.0,0.0,0.0,0.0,0.0,0.0,0.0,0.0,0.0,0.0,0.0,0.0,0.0,0.0,0.75,0.0,0.0,0.0,0.0,0.0,0.0,0.0,0.0,0.0,0.52,0.0,0.0,0.0,0.0,0.0,2025-01-20,0,0.34223815665647944
0,0.0,0.0,0.0,0.0,0.0,0.0,0.0,0.0,0.57,0.0,0.0,0.0,0.0,0.0,0.0,0.0,0.0,0.0,0.0,0.0,0.0,0.0,0.0,0.75,0.0,0.0,0.0,0.0,0.0,0.0,0.0,0.0,0.0,0.52,2025-01-21,0,0.35186355439052674
0,0.0,0.0,0.0,0.77,0.0,0.0,0.0,0.0,0.0,0.0,0.0,0.0,0.0,0.57,0.0,0.0,0.0,0.0,0.0,0.0,0.0,0.0,0.0,0.0,0.0,0.0,0.0,0.0,0.75,0.0,0.0,0.0,0.0,0.0,2025-01-22,0,0.35879539132731497
0,0.0,0.0,0.0,0.0,0.0,0.0,0.0,0.0,0.77,0.0,0.0,0.0,0.0,0.0,0.0,0.0,0.0,0.0,0.57,0.0,0.0,0.0,0.0,0.0,0.0,0.0,0.0,0.0,0.0,0.0,0.0,0.0,0.0,0.75,2025-01-23,0,0.3529892579552547
0,0.0,0.0,0.0,0.81,0.0,0.0,0.0,0.0,0.0,0.0,0.0,0.0,0.0,0.77,0.0,0.0,0.0,0.0,0.0,0.0,0.0,0.0,0.0,0.57,0.0,0.0,0.0,0.0,0.0,0.0,0.0,0.0,0.0,0.0,2025-01-24,0,0.3353063197196912
0,0.0,0.0,0.0,0.0,0.0,0.0,0.0,0.0,0.81,0.0,0.0,0.0,0.0,0.0,0.0,0.0,0.0,0.0,0.77,0.0,0.0,0.0,0.0,0.0,0.0,0.0,0.0,0.0,0.57,0.0,0.0,0.0,0.0,0.0,2025-01-25,0,0.35879539132731497
0,0.0,0.0,0.0,0.0,0.0,0.0,0.0,0.0,0.0,0.0,0.0,0.0,0.0,0.81,0.0,0.0,0.0,0.0,0.0,0.0,0.0,0.0,0.0,0.77,0.0,0.0,0.0,0.0,0.0,0.0,0.0,0.0,0.0,0.57,2025-01-26,0,0.3368897725050956
0,0.0,0.0,0.0,0.7,0.0,0.0,0.0,0.0,0.0,0.0,0.0,0.0,0.0,0.0,0.0,0.0,0.0,0.0,0.81,0.0,0.0,0.0,0.0,0.0,0.0,0.0,0.0,0.0,0.77,0.0,0.0,0.0,0.0,0.0,2025-01-27,0,0.34223815665647944
0,0.0,0.0,0.0,0.73,0.0,0.0,0.0,0.0,0.7,0.0,0.0,0.0,0.0,0.0,0.0,0.0,0.0,0.0,0.0,0.0,0.0,0.0,0.0,0.81,0.0,0.0,0.0,0.0,0.0,0.0,0.0,0.0,0.0,0.77,2025-01-28,0,0.3529892579552547
0,0.0,0.0,0.0,0.0,0.0,0.0,0.0,0.0,0.73,0.0,0.0,0.0,0.0,0.7,0.0,0.0,0.0,0.0,0.0,0.0,0.0,0.0,0.0,0.0,0.0,0.0,0.0,0.0,0.81,0.0,0.0,0.0,0.0,0.0,2025-01-29,0,0.35969409678283326
0,0.0,0.0,0.0,0.83,0.0,0.0,0.0,0.0,0.0,0.0,0.0,0.0,0.0,0.73,0.0,0.0,0.0,0.0,0.7,0.0,0.0,0.0,0.0,0.0,0.0,0.0,0.0,0.0,0.0,0.0,0.0,0.0,0.0,0.81,2025-01-30,0,0.3364320232844192
0,0.0,0.0,0.0,0.67,0.0,0.0,0.0,0.0,0.83,0.0,0.0,0.0,0.0,0.0,0.0,0.0,0.0,0.0,0.73,0.0,0.0,0.0,0.0,0.7,0.0,0.0,0.0,0.0,0.0,0.0,0.0,0.0,0.0,0.0,2025-01-31,0,0.3353063197196912
0,0.0,0.0,0.0,0.0,0.0,0.0,0.0,0.0,0.67,0.0,0.0,0.0,0.0,0.83,0.0,0.0,0.0,0.0,0.0,0.0,0.0,0.0,0.0,0.73,0.0,0.0,0.0,0.0,0.7,0.0,0.0,0.0,0.0,0.0,2025-02-01,0,0.35879539132731497
0,0.0,0.0,0.0,4.0,0.0,0.0,0.0,0.0,0.0,0.0,0.0,0.0,0.0,0.67,0.0,0.0,0.0,0.0,0.83,0.0,0.0,0.0,0.0,0.0,0.0,0.0,0.0,0.0,0.73,0.0,0.0,0.0,0.0,0.7,2025-02-02,0,0.35992109489204294
0,0.0,0.0,0.0,0.82,0.0,0.0,0.0,0.0,4.0,0.0,0.0,0.0,0.0,0.0,0.0,0.0,0.0,0.0,0.67,0.0,0.0,0.0,0.0,0.83,0.0,0.0,0.0,0.0,0.0,0.0,0.0,0.0,0.0,0.73,2025-02-03,0,0.3672196530808764
0,0.0,0.0,0.0,0.0,0.0,0.0,0.0,0.0,0.82,0.0,0.0,0.0,0.0,4.0,0.0,0.0,0.0,0.0,0.0,0.0,0.0,0.0,0.0,0.67,0.0,0.0,0.0,0.0,0.83,0.0,0.0,0.0,0.0,0.0,2025-02-04,0,0.35992109489204294
0,0.0,0.0,0.0,0.63,0.0,0.0,0.0,0.0,0.0,0.0,0.0,0.0,0.0,0.82,0.0,0.0,0.0,0.0,4.0,0.0,0.0,0.0,0.0,0.0,0.0,0.0,0.0,0.0,0.67,0.0,0.0,0.0,0.0,0.83,2025-02-05,0,0.34336386022120746
0,0.0,0.0,0.0,0.56,0.0,0.0,0.0,0.0,0.63,0.0,0.0,0.0,0.0,0.0,0.0,0.0,0.0,0.0,0.82,0.0,0.0,0.0,0.0,4.0,0.0,0.0,0.0,0.0,0.0,0.0,0.0,0.0,0.0,0.67,2025-02-06,0,0.3448099692780318
0,0.0,0.0,0.0,0.74,0.0,0.0,0.0,0.0,0.56,0.0,0.0,0.0,0.0,0.63,0.0,0.0,0.0,0.0,0.0,0.0,0.0,0.0,0.0,0.82,0.0,0.0,0.0,0.0,4.0,0.0,0.0,0.0,0.0,0.0,2025-02-07,0,0.412339805920254
0,0.0,0.0,0.0,1.6,0.0,0.0,0.0,0.0,0.74,0.0,0.0,0.0,0.0,0.56,0.0,0.0,0.0,0.0,0.63,0.0,0.0,0.0,0.0,0.0,0.0,0.0,0.0,0.0,0.82,0.0,0.0,0.0,0.0,4.0,2025-02-08,0,0.4311129051870072
0,0.0,0.0,0.0,0.0,0.0,0.0,0.0,0.0,1.6,0.0,0.0,0.0,0.0,0.74,0.0,0.0,0.0,0.0,0.56,0.0,0.0,0.0,0.0,0.63,0.0,0.0,0.0,0.0,0.0,0.0,0.0,0.0,0.0,0.82,2025-02-09,0,0.3529892579552547
0,0.0,0.0,0.0,0.6,0.0,0.0,0.0,0.0,0.0,0.0,0.0,0.0,0.0,1.6,0.0,0.0,0.0,0.0,0.74,0.0,0.0,0.0,0.0,0.56,0.0,0.0,0.0,0.0,0.63,0.0,0.0,0.0,0.0,0.0,2025-02-10,0,0.34223815665647944
0,0.0,0.0,0.0,0.87,0.0,0.0,0.0,0.0,0.6,0.0,0.0,0.0,0.0,0.0,0.0,0.0,0.0,0.0,1.6,0.0,0.0,0.0,0.0,0.74,0.0,0.0,0.0,0.0,0.56,0.0,0.0,0.0,0.0,0.63,2025-02-11,0,0.34336386022120746
0,0.0,0.0,0.0,0.75,0.0,0.0,0.0,0.0,0.87,0.0,0.0,0.0,0.0,0.6,0.0,0.0,0.0,0.0,0.0,0.0,0.0,0.0,0.0,1.6,0.0,0.0,0.0,0.0,0.74,0.0,0.0,0.0,0.0,0.56,2025-02-12,0,0.35992109489204294
0,0.0,0.0,0.0,0.79,0.0,0.0,0.0,0.0,0.75,0.0,0.0,0.0,0.0,0.87,0.0,0.0,0.0,0.0,0.6,0.0,0.0,0.0,0.0,0.0,0.0,0.0,0.0,0.0,1.6,0.0,0.0,0.0,0.0,0.74,2025-02-13,0,0.412339805920254
0,0.0,0.0,0.0,0.46,0.0,0.0,0.0,0.0,0.79,0.0,0.0,0.0,0.0,0.75,0.0,0.0,0.0,0.0,0.87,0.0,0.0,0.0,0.0,0.6,0.0,0.0,0.0,0.0,0.0,0.0,0.0,0.0,0.0,1.6,2025-02-14,0,0.38082619676381024
0,0.0,0.0,0.0,0.51,0.0,0.0,0.0,0.0,0.46,0.0,0.0,0.0,0.0,0.79,0.0,0.0,0.0,0.0,0.75,0.0,0.0,0.0,0.0,0.87,0.0,0.0,0.0,0.0,0.6,0.0,0.0,0.0,0.0,0.0,2025-02-15,0,0.34223815665647944
0,0.0,0.0,0.0,0.0,0.0,0.0,0.0,0.0,0.51,0.0,0.0,0.0,0.0,0.46,0.0,0.0,0.0,0.0,0.79,0.0,0.0,0.0,0.0,0.75,0.0,0.0,0.0,0.0,0.87,0.0,0.0,0.0,0.0,0.6,2025-02-16,0,0.35992109489204294
0,0.0,0.0,0.0,0.85,0.0,0.0,0.0,0.0,0.0,0.0,0.0,0.0,0.0,0.51,0.0,0.0,0.0,0.0,0.46,0.0,0.0,0.0,0.0,0.79,0.0,0.0,0.0,0.0,0.75,0.0,0.0,0.0,0.0,0.87,2025-02-17,0,0.35992109489204294
0,0.0,0.0,0.0,0.27,0.0,0.0,0.0,0.0,0.85,0.0,0.0,0.0,0.0,0.0,0.0,0.0,0.0,0.0,0.51,0.0,0.0,0.0,0.0,0.46,0.0,0.0,0.0,0.0,0.79,0.0,0.0,0.0,0.0,0.75,2025-02-18,0,0.35992109489204294
0,0.0,0.0,0.0,0.0,0.0,0.0,0.0,0.0,0.27,0.0,0.0,0.0,0.0,0.85,0.0,0.0,0.0,0.0,0.0,0.0,0.0,0.0,0.0,0.51,0.0,0.0,0.0,0.0,0.46,0.0,0.0,0.0,0.0,0.79,2025-02-19,0,0.35992109489204294
0,0.0,0.0,0.0,0.5,0.0,0.0,0.0,0.0,0.0,0.0,0.0,0.0,0.0,0.27,0.0,0.0,0.0,0.0,0.85,0.0,0.0,0.0,0.0,0.0,0.0,0.0,0.0,0.0,0.51,0.0,0.0,0.0,0.0,0.46,2025-02-20,0,0.34336386022120746
0,0.0,0.0,0.0,0.63,0.0,0.0,0.0,0.0,0.5,0.0,0.0,0.0,0.0,0.0,0.0,0.0,0.0,0.0,0.27,0.0,0.0,0.0,0.0,0.85,0.0,0.0,0.0,0.0,0.0,0.0,0.0,0.0,0.0,0.51,2025-02-21,0,0.35186355439052674
0,0.0,0.0,0.0,1.5,0.0,0.0,0.0,0.0,0.63,0.0,0.0,0.0,0.0,0.5,0.0,0.0,0.0,0.0,0.0,0.0,0.0,0.0,0.0,0.27,0.0,0.0,0.0,0.0,0.85,0.0,0.0,0.0,0.0,0.0,2025-02-22,0,0.35992109489204294
0,0.0,0.0,0.0,0.0,0.0,0.0,0.0,0.0,1.5,0.0,0.0,0.0,0.0,0.63,0.0,0.0,0.0,0.0,0.5,0.0,0.0,0.0,0.0,0.0,0.0,0.0,0.0,0.0,0.27,0.0,0.0,0.0,0.0,0.85,2025-02-23,0,0.3529892579552547
0,0.0,0.0,0.0,0.0,0.0,0.0,0.0,0.0,0.0,0.0,0.0,0.0,0.0,1.5,0.0,0.0,0.0,0.0,0.63,0.0,0.0,0.0,0.0,0.5,0.0,0.0,0.0,0.0,0.0,0.0,0.0,0.0,0.0,0.27,2025-02-24,0,0.3353063197196912
0,0.0,0.0,0.0,0.0,0.0,0.0,0.0,0.0,0.0,0.0,0.0,0.0,0.0,0.0,0.0,0.0,0.0,0.0,1.5,0.0,0.0,0.0,0.0,0.63,0.0,0.0,0.0,0.0,0.5,0.0,0.0,0.0,0.0,0.0,2025-02-25,0,0.34223815665647944
0,0.0,0.0,0.0,0.55,0.0,0.0,0.0,0.0,0.0,0.0,0.0,0.0,0.0,0.0,0.0,0.0,0.0,0.0,0.0,0.0,0.0,0.0,0.0,1.5,0.0,0.0,0.0,0.0,0.63,0.0,0.0,0.0,0.0,0.5,2025-02-26,0,0.35992109489204294
0,0.0,0.0,0.0,0.0,0.0,0.0,0.0,0.0,0.55,0.0,0.0,0.0,0.0,0.0,0.0,0.0,0.0,0.0,0.0,0.0,0.0,0.0,0.0,0.0,0.0,0.0,0.0,0.0,1.5,0.0,0.0,0.0,0.0,0.63,2025-02-27,0,0.412339805920254
0,0.0,0.0,0.0,0.0,0.0,0.0,0.0,0.0,0.0,0.0,0.0,0.0,0.0,0.55,0.0,0.0,0.0,0.0,0.0,0.0,0.0,0.0,0.0,0.0,0.0,0.0,0.0,0.0,0.0,0.0,0.0,0.0,0.0,1.5,2025-02-28,0,0.37815054827783534
0,0.0,0.0,0.0,0.0,0.0,0.0,0.0,0.0,0.0,0.0,0.0,0.0,0.0,0.0,0.0,0.0,0.0,0.0,0.55,0.0,0.0,0.0,0.0,0.0,0.0,0.0,0.0,0.0,0.0,0.0,0.0,0.0,0.0,0.0,2025-03-01,0,0.3353063197196912
0,0.0,0.0,0.0,0.0,0.0,0.0,0.0,0.0,0.0,0.0,0.0,0.0,0.0,0.0,0.0,0.0,0.0,0.0,0.0,0.0,0.0,0.0,0.0,0.55,0.0,0.0,0.0,0.0,0.0,0.0,0.0,0.0,0.0,0.0,2025-03-02,0,0.3353063197196912
0,0.0,0.0,0.0,0.0,0.0,0.0,0.0,0.0,0.0,0.0,0.0,0.0,0.0,0.0,0.0,0.0,0.0,0.0,0.0,0.0,0.0,0.0,0.0,0.0,0.0,0.0,0.0,0.0,0.55,0.0,0.0,0.0,0.0,0.0,2025-03-03,0,0.35817326909376024
0,0.0,0.0,0.0,0.64,0.0,0.0,0.0,0.0,0.0,0.0,0.0,0.0,0.0,0.0,0.0,0.0,0.0,0.0,0.0,0.0,0.0,0.0,0.0,0.0,0.0,0.0,0.0,0.0,0.0,0.0,0.0,0.0,0.0,0.55,2025-03-04,0,0.3353063197196912
0,0.0,0.0,0.0,0.74,0.0,0.0,0.0,0.0,0.64,0.0,0.0,0.0,0.0,0.0,0.0,0.0,0.0,0.0,0.0,0.0,0.0,0.0,0.0,0.0,0.0,0.0,0.0,0.0,0.0,0.0,0.0,0.0,0.0,0.0,2025-03-05,0,0.35186355439052674
0,0.0,0.0,0.0,0.75,0.0,0.0,0.0,0.0,0.74,0.0,0.0,0.0,0.0,0.64,0.0,0.0,0.0,0.0,0.0,0.0,0.0,0.0,0.0,0.0,0.0,0.0,0.0,0.0,0.0,0.0,0.0,0.0,0.0,0.0,2025-03-06,0,0.35186355439052674
0,0.0,0.0,0.0,0.58,0.0,0.0,0.0,0.0,0.75,0.0,0.0,0.0,0.0,0.74,0.0,0.0,0.0,0.0,0.64,0.0,0.0,0.0,0.0,0.0,0.0,0.0,0.0,0.0,0.0,0.0,0.0,0.0,0.0,0.0,2025-03-07,0,0.3353063197196912
0,0.0,0.0,0.0,0.0,0.0,0.0,0.0,0.0,0.58,0.0,0.0,0.0,0.0,0.75,0.0,0.0,0.0,0.0,0.74,0.0,0.0,0.0,0.0,0.64,0.0,0.0,0.0,0.0,0.0,0.0,0.0,0.0,0.0,0.0,2025-03-08,0,0.3353063197196912
0,0.0,0.0,0.0,0.65,0.0,0.0,0.0,0.0,0.0,0.0,0.0,0.0,0.0,0.58,0.0,0.0,0.0,0.0,0.75,0.0,0.0,0.0,0.0,0.74,0.0,0.0,0.0,0.0,0.64,0.0,0.0,0.0,0.0,0.0,2025-03-09,0,0.34223815665647944
0,0.0,0.0,0.0,0.0,0.0,0.0,0.0,0.0,0.65,0.0,0.0,0.0,0.0,0.0,0.0,0.0,0.0,0.0,0.58,0.0,0.0,0.0,0.0,0.75,0.0,0.0,0.0,0.0,0.74,0.0,0.0,0.0,0.0,0.64,2025-03-10,0,0.35992109489204294
1,2.59,0.0,0.0,0.0,0.0,0.0,0.0,0.0,0.0,0.0,0.0,0.0,0.0,0.65,0.0,0.0,0.0,0.0,0.0,0.0,0.0,0.0,0.0,0.58,0.0,0.0,0.0,0.0,0.75,0.0,0.0,0.0,0.0,0.74,2025-03-11,0,0.4537329803008057
0,0.0,0.0,0.0,0.76,1.0,2.59,0.0,0.0,0.0,0.0,0.0,0.0,0.0,0.0,0.0,0.0,0.0,0.0,0.65,0.0,0.0,0.0,0.0,0.0,0.0,0.0,0.0,0.0,0.58,0.0,0.0,0.0,0.0,0.75,2025-03-12,0,0.37402917714933615
0,0.0,0.0,0.0,0.4,0.0,0.0,0.0,0.0,0.76,1.0,2.59,0.0,0.0,0.0,0.0,0.0,0.0,0.0,0.0,0.0,0.0,0.0,0.0,0.65,0.0,0.0,0.0,0.0,0.0,0.0,0.0,0.0,0.0,0.58,2025-03-13,0,0.3529892579552547
0,0.0,0.0,0.0,0.73,0.0,0.0,0.0,0.0,0.4,0.0,0.0,0.0,0.0,0.76,1.0,2.59,0.0,0.0,0.0,0.0,0.0,0.0,0.0,0.0,0.0,0.0,0.0,0.0,0.65,0.0,0.0,0.0,0.0,0.0,2025-03-14,0,0.35879539132731497
0,0.0,0.0,0.0,0.0,0.0,0.0,0.0,0.0,0.73,0.0,0.0,0.0,0.0,0.4,0.0,0.0,0.0,0.0,0.76,1.0,2.59,0.0,0.0,0.0,0.0,0.0,0.0,0.0,0.0,0.0,0.0,0.0,0.0,0.65,2025-03-15,0,0.38811199855661027
1,3.0,0.0,0.0,0.0,0.0,0.0,0.0,0.0,0.0,0.0,0.0,0.0,0.0,0.73,0.0,0.0,0.0,0.0,0.4,0.0,0.0,0.0,0.0,0.76,1.0,2.59,0.0,0.0,0.0,0.0,0.0,0.0,0.0,0.0,2025-03-16,0,0.4679633754264274
0,0.0,0.0,0.0,1.06,1.0,3.0,0.0,0.0,0.0,0.0,0.0,0.0,0.0,0.0,0.0,0.0,0.0,0.0,0.73,0.0,0.0,0.0,0.0,0.4,0.0,0.0,0.0,0.0,0.76,1.0,2.59,0.0,0.0,0.0,2025-03-17,0,0.35992109489204294
1,3.59,0.0,0.0,0.0,0.0,0.0,0.0,0.0,1.06,1.0,3.0,0.0,0.0,0.0,0.0,0.0,0.0,0.0,0.0,0.0,0.0,0.0,0.0,0.73,0.0,0.0,0.0,0.0,0.4,0.0,0.0,0.0,0.0,0.76,2025-03-18,0,0.4694235339579251
0,0.0,0.0,0.0,0.89,1.0,3.59,0.0,0.0,0.0,0.0,0.0,0.0,0.0,1.06,1.0,3.0,0.0,0.0,0.0,0.0,0.0,0.0,0.0,0.0,0.0,0.0,0.0,0.0,0.73,0.0,0.0,0.0,0.0,0.4,2025-03-19,0,0.37402917714933615
1,3.85,1.85,0.0,0.0,0.0,0.0,0.0,0.0,0.89,1.0,3.59,0.0,0.0,0.0,0.0,0.0,0.0,0.0,1.06,1.0,3.0,0.0,0.0,0.0,0.0,0.0,0.0,0.0,0.0,0.0,0.0,0.0,0.0,0.73,2025-03-20,0,0.4694235339579251
0,0.0,0.0,0.0,0.79,1.0,3.85,1.85,0.0,0.0,0.0,0.0,0.0,0.0,0.89,1.0,3.59,0.0,0.0,0.0,0.0,0.0,0.0,0.0,1.06,1.0,3.0,0.0,0.0,0.0,0.0,0.0,0.0,0.0,0.0,2025-03-21,0,0.45173149136845636
1,4.03,1.03,0.0,0.0,0.0,0.0,0.0,0.0,0.79,1.0,3.85,1.85,0.0,0.0,0.0,0.0,0.0,0.0,0.89,1.0,3.59,0.0,0.0,0.0,0.0,0.0,0.0,0.0,1.06,1.0,3.0,0.0,0.0,0.0,2025-03-22,0,0.49707748258306966
1,3.5,2.5,0.0,0.0,1.0,4.03,1.03,0.0,0.0,0.0,0.0,0.0,0.0,0.79,1.0,3.85,1.85,0.0,0.0,0.0,0.0,0.0,0.0,0.89,1.0,3.59,0.0,0.0,0.0,0.0,0.0,0.0,0.0,1.06,2025-03-23,0,0.4694235339579251
0,0.0,0.0,0.0,0.86,1.0,3.5,2.5,0.0,0.0,1.0,4.03,1.03,0.0,0.0,0.0,0.0,0.0,0.0,0.79,1.0,3.85,1.85,0.0,0.0,0.0,0.0,0.0,0.0,0.89,1.0,3.59,0.0,0.0,0.0,2025-03-24,0,0.4694235339579251
1,4.75,0.0,0.0,0.0,0.0,0.0,0.0,0.0,0.86,1.0,3.5,2.5,0.0,0.0,1.0,4.03,1.03,0.0,0.0,0.0,0.0,0.0,0.0,0.79,1.0,3.85,1.85,0.0,0.0,0.0,0.0,0.0,0.0,0.89,2025-03-25,1,0.558818988454956
0,0.0,0.0,0.0,0.42,1.0,4.75,0.0,0.0,0.0,0.0,0.0,0.0,0.0,0.86,1.0,3.5,2.5,0.0,0.0,1.0,4.03,1.03,0.0,0.0,0.0,0.0,0.0,0.0,0.79,1.0,3.85,1.85,0.0,0.0,2025-03-26,0,0.4679633754264274
0,0.0,0.0,0.0,0.76,0.0,0.0,0.0,0.0,0.42,1.0,4.75,0.0,0.0,0.0,0.0,0.0,0.0,0.0,0.86,1.0,3.5,2.5,0.0,0.0,1.0,4.03,1.03,0.0,0.0,0.0,0.0,0.0,0.0,0.79,2025-03-27,0,0.4694235339579251
0,0.0,0.0,0.0,0.43,0.0,0.0,0.0,0.0,0.76,0.0,0.0,0.0,0.0,0.42,1.0,4.75,0.0,0.0,0.0,0.0,0.0,0.0,0.0,0.86,1.0,3.5,2.5,0.0,0.0,1.0,4.03,1.03,0.0,0.0,2025-03-28,0,0.4679633754264274
0,0.0,0.0,0.0,0.5,0.0,0.0,0.0,0.0,0.43,0.0,0.0,0.0,0.0,0.76,0.0,0.0,0.0,0.0,0.42,1.0,4.75,0.0,0.0,0.0,0.0,0.0,0.0,0.0,0.86,1.0,3.5,2.5,0.0,0.0,2025-03-29,0,0.4538552931691343
0,0.0,0.0,0.0,0.79,0.0,0.0,0.0,0.0,0.5,0.0,0.0,0.0,0.0,0.43,0.0,0.0,0.0,0.0,0.76,0.0,0.0,0.0,0.0,0.42,1.0,4.75,0.0,0.0,0.0,0.0,0.0,0.0,0.0,0.86,2025-03-30,0,0.4679633754264274
1,3.05,0.0,0.0,0.0,0.0,0.0,0.0,0.0,0.79,0.0,0.0,0.0,0.0,0.5,0.0,0.0,0.0,0.0,0.43,0.0,0.0,0.0,0.0,0.76,0.0,0.0,0.0,0.0,0.42,1.0,4.75,0.0,0.0,0.0,2025-03-31,0,0.4544901120581115
0,0.0,0.0,0.0,0.66,1.0,3.05,0.0,0.0,0.0,0.0,0.0,0.0,0.0,0.79,0.0,0.0,0.0,0.0,0.5,0.0,0.0,0.0,0.0,0.43,0.0,0.0,0.0,0.0,0.76,0.0,0.0,0.0,0.0,0.42,2025-04-01,0,0.37402917714933615
1,2.78,0.0,0.0,0.0,0.0,0.0,0.0,0.0,0.66,1.0,3.05,0.0,0.0,0.0,0.0,0.0,0.0,0.0,0.79,0.0,0.0,0.0,0.0,0.5,0.0,0.0,0.0,0.0,0.43,0.0,0.0,0.0,0.0,0.76,2025-04-02,0,0.4679633754264274
0,0.0,0.0,0.0,0.63,1.0,2.78,0.0,0.0,0.0,0.0,0.0,0.0,0.0,0.66,1.0,3.05,0.0,0.0,0.0,0.0,0.0,0.0,0.0,0.79,0.0,0.0,0.0,0.0,0.5,0.0,0.0,0.0,0.0,0.43,2025-04-03,0,0.35992109489204294
0,0.0,0.0,0.0,0.54,0.0,0.0,0.0,0.0,0.63,1.0,2.78,0.0,0.0,0.0,0.0,0.0,0.0,0.0,0.66,1.0,3.05,0.0,0.0,0.0,0.0,0.0,0.0,0.0,0.79,0.0,0.0,0.0,0.0,0.5,2025-04-04,0,0.4544901120581115
0,0.0,0.0,0.0,0.55,0.0,0.0,0.0,0.0,0.54,0.0,0.0,0.0,0.0,0.63,1.0,2.78,0.0,0.0,0.0,0.0,0.0,0.0,0.0,0.66,1.0,3.05,0.0,0.0,0.0,0.0,0.0,0.0,0.0,0.79,2025-04-05,0,0.4602604793900193
1,2.8,1.0,0.0,1.0,0.0,0.0,0.0,0.0,0.55,0.0,0.0,0.0,0.0,0.54,0.0,0.0,0.0,0.0,0.63,1.0,2.78,0.0,0.0,0.0,0.0,0.0,0.0,0.0,0.66,1.0,3.05,0.0,0.0,0.0,2025-04-06,0,0.4679633754264274
0,0.0,0.0,0.0,0.62,1.0,2.8,1.0,0.0,1.0,0.0,0.0,0.0,0.0,0.55,0.0,0.0,0.0,0.0,0.54,0.0,0.0,0.0,0.0,0.63,1.0,2.78,0.0,0.0,0.0,0.0,0.0,0.0,0.0,0.66,2025-04-07,0,0.42180313144869325
0,0.0,0.0,0.0,0.75,0.0,0.0,0.0,0.0,0.62,1.0,2.8,1.0,0.0,1.0,0.0,0.0,0.0,0.0,0.55,0.0,0.0,0.0,0.0,0.54,0.0,0.0,0.0,0.0,0.63,1.0,2.78,0.0,0.0,0.0,2025-04-08,0,0.412339805920254
1,3.02,0.02,0.0,0.0,0.0,0.0,0.0,0.0,0.75,0.0,0.0,0.0,0.0,0.62,1.0,2.8,1.0,0.0,1.0,0.0,0.0,0.0,0.0,0.55,0.0,0.0,0.0,0.0,0.54,0.0,0.0,0.0,0.0,0.63,2025-04-09,0,0.4679633754264274
0,0.0,0.0,0.0,0.6,1.0,3.02,0.02,0.0,0.0,0.0,0.0,0.0,0.0,0.75,0.0,0.0,0.0,0.0,0.62,1.0,2.8,1.0,0.0,1.0,0.0,0.0,0.0,0.0,0.55,0.0,0.0,0.0,0.0,0.54,2025-04-10,0,0.4161794832871936
1,3.53,0.0,0.0,0.0,0.0,0.0,0.0,0.0,0.6,1.0,3.02,0.02,0.0,0.0,0.0,0.0,0.0,0.0,0.75,0.0,0.0,0.0,0.0,0.62,1.0,2.8,1.0,0.0,1.0,0.0,0.0,0.0,0.0,0.55,2025-04-11,0,0.49707748258306966
0,0.0,0.0,0.0,1.02,1.0,3.53,0.0,0.0,0.0,0.0,0.0,0.0,0.0,0.6,1.0,3.02,0.02,0.0,0.0,0.0,0.0,0.0,0.0,0.75,0.0,0.0,0.0,0.0,0.62,1.0,2.8,1.0,0.0,1.0,2025-04-12,0,0.3991904674719168
1,0.98,0.0,0.0,0.0,0.0,0.0,0.0,0.0,1.02,1.0,3.53,0.0,0.0,0.0,0.0,0.0,0.0,0.0,0.6,1.0,3.02,0.02,0.0,0.0,0.0,0.0,0.0,0.0,0.75,0.0,0.0,0.0,0.0,0.62,2025-04-13,0,0.4679633754264274
0,0.0,0.0,0.0,0.77,1.0,0.98,0.0,0.0,0.0,0.0,0.0,0.0,0.0,1.02,1.0,3.53,0.0,0.0,0.0,0.0,0.0,0.0,0.0,0.6,1.0,3.02,0.02,0.0,0.0,0.0,0.0,0.0,0.0,0.75,2025-04-14,0,0.4604333447633008
0,0.0,0.0,0.0,0.66,0.0,0.0,0.0,0.0,0.77,1.0,0.98,0.0,0.0,0.0,0.0,0.0,0.0,0.0,1.02,1.0,3.53,0.0,0.0,0.0,0.0,0.0,0.0,0.0,0.6,1.0,3.02,0.02,0.0,0.0,2025-04-15,0,0.4376234091111632
1,4.18,0.18,0.0,0.0,0.0,0.0,0.0,0.0,0.66,0.0,0.0,0.0,0.0,0.77,1.0,0.98,0.0,0.0,0.0,0.0,0.0,0.0,0.0,1.02,1.0,3.53,0.0,0.0,0.0,0.0,0.0,0.0,0.0,0.6,2025-04-16,0,0.4694235339579251
0,0.0,0.0,0.0,0.98,1.0,4.18,0.18,0.0,0.0,0.0,0.0,0.0,0.0,0.66,0.0,0.0,0.0,0.0,0.77,1.0,0.98,0.0,0.0,0.0,0.0,0.0,0.0,0.0,1.02,1.0,3.53,0.0,0.0,0.0,2025-04-17,0,0.3982317236629609
1,4.24,1.24,0.0,0.0,0.0,0.0,0.0,0.0,0.98,1.0,4.18,0.18,0.0,0.0,0.0,0.0,0.0,0.0,0.66,0.0,0.0,0.0,0.0,0.77,1.0,0.98,0.0,0.0,0.0,0.0,0.0,0.0,0.0,1.02,2025-04-18,0,0.4694235339579251
0,0.0,0.0,0.0,0.81,1.0,4.24,1.24,0.0,0.0,0.0,0.0,0.0,0.0,0.98,1.0,4.18,0.18,0.0,0.0,0.0,0.0,0.0,0.0,0.66,0.0,0.0,0.0,0.0,0.77,1.0,0.98,0.0,0.0,0.0,2025-04-19,0,0.35992109489204294
1,4.71,0.0,0.0,0.0,0.0,0.0,0.0,0.0,0.81,1.0,4.24,1.24,0.0,0.0,0.0,0.0,0.0,0.0,0.98,1.0,4.18,0.18,0.0,0.0,0.0,0.0,0.0,0.0,0.66,0.0,0.0,0.0,0.0,0.77,2025-04-20,1,0.5101271279731405
0,0.0,0.0,0.0,0.0,1.0,4.71,0.0,0.0,0.0,0.0,0.0,0.0,0.0,0.81,1.0,4.24,1.24,0.0,0.0,0.0,0.0,0.0,0.0,0.98,1.0,4.18,0.18,0.0,0.0,0.0,0.0,0.0,0.0,0.66,2025-04-21,0,0.4694235339579251
0,0.0,0.0,0.0,0.58,0.0,0.0,0.0,0.0,0.0,1.0,4.71,0.0,0.0,0.0,0.0,0.0,0.0,0.0,0.81,1.0,4.24,1.24,0.0,0.0,0.0,0.0,0.0,0.0,0.98,1.0,4.18,0.18,0.0,0.0,2025-04-22,0,0.4679633754264274
0,0.0,0.0,0.0,0.54,0.0,0.0,0.0,0.0,0.58,0.0,0.0,0.0,0.0,0.0,1.0,4.71,0.0,0.0,0.0,0.0,0.0,0.0,0.0,0.81,1.0,4.24,1.24,0.0,0.0,0.0,0.0,0.0,0.0,0.98,2025-04-23,0,0.4694235339579251
0,0.0,0.0,0.0,0.79,0.0,0.0,0.0,0.0,0.54,0.0,0.0,0.0,0.0,0.58,0.0,0.0,0.0,0.0,0.0,1.0,4.71,0.0,0.0,0.0,0.0,0.0,0.0,0.0,0.81,1.0,4.24,1.24,0.0,0.0,2025-04-24,0,0.4538552931691343
1,5.51,3.51,0.0,0.0,0.0,0.0,0.0,0.0,0.79,0.0,0.0,0.0,0.0,0.54,0.0,0.0,0.0,0.0,0.58,0.0,0.0,0.0,0.0,0.0,1.0,4.71,0.0,0.0,0.0,0.0,0.0,0.0,0.0,0.81,2025-04-25,0,0.4694235339579251
0,0.0,0.0,0.0,1.03,1.0,5.51,3.51,0.0,0.0,0.0,0.0,0.0,0.0,0.79,0.0,0.0,0.0,0.0,0.54,0.0,0.0,0.0,0.0,0.58,0.0,0.0,0.0,0.0,0.0,1.0,4.71,0.0,0.0,0.0,2025-04-26,0,0.3353063197196912
2,7.27,5.2700000000000005,0.0,0.0,0.0,0.0,0.0,0.0,1.03,1.0,5.51,3.51,0.0,0.0,0.0,0.0,0.0,0.0,0.79,0.0,0.0,0.0,0.0,0.54,0.0,0.0,0.0,0.0,0.58,0.0,0.0,0.0,0.0,0.0,2025-04-27,1,0.5144552257043796
0,0.0,0.0,0.0,0.7,2.0,7.27,5.2700000000000005,0.0,0.0,0.0,0.0,0.0,0.0,1.03,1.0,5.51,3.51,0.0,0.0,0.0,0.0,0.0,0.0,0.79,0.0,0.0,0.0,0.0,0.54,0.0,0.0,0.0,0.0,0.58,2025-04-28,0,0.38825957227495783
0,0.0,0.0,0.0,0.6,0.0,0.0,0.0,0.0,0.7,2.0,7.27,5.2700000000000005,0.0,0.0,0.0,0.0,0.0,0.0,1.03,1.0,5.51,3.51,0.0,0.0,0.0,0.0,0.0,0.0,0.79,0.0,0.0,0.0,0.0,0.54,2025-04-29,1,0.5147572653932045
1,5.01,4.01,0.0,0.0,0.0,0.0,0.0,0.0,0.6,0.0,0.0,0.0,0.0,0.7,2.0,7.27,5.2700000000000005,0.0,0.0,0.0,0.0,0.0,0.0,1.03,1.0,5.51,3.51,0.0,0.0,0.0,0.0,0.0,0.0,0.79,2025-04-30,1,0.554490890723717
0,0.0,0.0,0.0,0.0,1.0,5.01,4.01,0.0,0.0,0.0,0.0,0.0,0.0,0.6,0.0,0.0,0.0,0.0,0.7,2.0,7.27,5.2700000000000005,0.0,0.0,0.0,0.0,0.0,0.0,1.03,1.0,5.51,3.51,0.0,0.0,2025-05-01,0,0.4694235339579251
0,0.0,0.0,0.0,0.74,0.0,0.0,0.0,0.0,0.0,1.0,5.01,4.01,0.0,0.0,0.0,0.0,0.0,0.0,0.6,0.0,0.0,0.0,0.0,0.7,2.0,7.27,5.2700000000000005,0.0,0.0,0.0,0.0,0.0,0.0,1.03,2025-05-02,1,0.6169336402802176
0,0.0,0.0,0.0,0.28,0.0,0.0,0.0,0.0,0.74,0.0,0.0,0.0,0.0,0.0,1.0,5.01,4.01,0.0,0.0,0.0,0.0,0.0,0.0,0.6,0.0,0.0,0.0,0.0,0.7,2.0,7.27,5.2700000000000005,0.0,0.0,2025-05-03,0,0.3826572528883183
1,9.02,6.0,0.0,0.0,0.0,0.0,0.0,0.0,0.28,0.0,0.0,0.0,0.0,0.74,0.0,0.0,0.0,0.0,0.0,1.0,5.01,4.01,0.0,0.0,0.0,0.0,0.0,0.0,0.6,0.0,0.0,0.0,0.0,0.7,2025-05-04,1,0.5238051538250794
0,0.0,0.0,0.0,0.7,1.0,9.02,6.0,0.0,0.0,0.0,0.0,0.0,0.0,0.28,0.0,0.0,0.0,0.0,0.74,0.0,0.0,0.0,0.0,0.0,1.0,5.01,4.01,0.0,0.0,0.0,0.0,0.0,0.0,0.6,2025-05-05,0,0.48310155980986397
0,0.0,0.0,0.0,0.63,0.0,0.0,0.0,0.0,0.7,1.0,9.02,6.0,0.0,0.0,0.0,0.0,0.0,0.0,0.28,0.0,0.0,0.0,0.0,0.74,0.0,0.0,0.0,0.0,0.0,1.0,5.01,4.01,0.0,0.0,2025-05-06,1,0.5101271279731405
1,5.01,2.01,0.0,0.67,0.0,0.0,0.0,0.0,0.63,0.0,0.0,0.0,0.0,0.7,1.0,9.02,6.0,0.0,0.0,0.0,0.0,0.0,0.0,0.28,0.0,0.0,0.0,0.0,0.74,0.0,0.0,0.0,0.0,0.0,2025-05-07,0,0.4694235339579251
0,0.0,0.0,0.0,0.83,1.0,5.01,2.01,0.0,0.67,0.0,0.0,0.0,0.0,0.63,0.0,0.0,0.0,0.0,0.7,1.0,9.02,6.0,0.0,0.0,0.0,0.0,0.0,0.0,0.28,0.0,0.0,0.0,0.0,0.74,2025-05-08,0,0.4694235339579251
1,3.65,1.65,0.0,0.0,0.0,0.0,0.0,0.0,0.83,1.0,5.01,2.01,0.0,0.67,0.0,0.0,0.0,0.0,0.63,0.0,0.0,0.0,0.0,0.7,1.0,9.02,6.0,0.0,0.0,0.0,0.0,0.0,0.0,0.28,2025-05-09,1,0.629269166596007
0,0.0,0.0,0.0,0.0,1.0,3.65,1.65,0.0,0.0,0.0,0.0,0.0,0.0,0.83,1.0,5.01,2.01,0.0,0.67,0.0,0.0,0.0,0.0,0.63,0.0,0.0,0.0,0.0,0.7,1.0,9.02,6.0,0.0,0.0,2025-05-10,0,0.4076950491914001
1,8.1,1.0,0.0,0.0,0.0,0.0,0.0,0.0,0.0,1.0,3.65,1.65,0.0,0.0,0.0,0.0,0.0,0.0,0.83,1.0,5.01,2.01,0.0,0.67,0.0,0.0,0.0,0.0,0.63,0.0,0.0,0.0,0.0,0.7,2025-05-11,1,0.5281332515563185
0,0.0,0.0,0.0,0.88,1.0,8.1,1.0,0.0,0.0,0.0,0.0,0.0,0.0,0.0,1.0,3.65,1.65,0.0,0.0,0.0,0.0,0.0,0.0,0.83,1.0,5.01,2.01,0.0,0.67,0.0,0.0,0.0,0.0,0.63,2025-05-12,0,0.4694235339579251
0,0.0,0.0,0.0,0.48,0.0,0.0,0.0,0.0,0.88,1.0,8.1,1.0,0.0,0.0,0.0,0.0,0.0,0.0,0.0,1.0,3.65,1.65,0.0,0.0,0.0,0.0,0.0,0.0,0.83,1.0,5.01,2.01,0.0,0.67,2025-05-13,0,0.49707748258306966
0,0.0,0.0,0.0,0.0,0.0,0.0,0.0,0.0,0.48,0.0,0.0,0.0,0.0,0.88,1.0,8.1,1.0,0.0,0.0,0.0,0.0,0.0,0.0,0.0,1.0,3.65,1.65,0.0,0.0,0.0,0.0,0.0,0.0,0.83,2025-05-14,0,0.4694235339579251
0,0.0,0.0,0.0,0.64,0.0,0.0,0.0,0.0,0.0,0.0,0.0,0.0,0.0,0.48,0.0,0.0,0.0,0.0,0.88,1.0,8.1,1.0,0.0,0.0,0.0,0.0,0.0,0.0,0.0,1.0,3.65,1.65,0.0,0.0,2025-05-15,0,0.43527639481700914
1,2.52,1.52,0.0,0.3,0.0,0.0,0.0,0.0,0.64,0.0,0.0,0.0,0.0,0.0,0.0,0.0,0.0,0.0,0.48,0.0,0.0,0.0,0.0,0.88,1.0,8.1,1.0,0.0,0.0,0.0,0.0,0.0,0.0,0.0,2025-05-16,0,0.4694235339579251
0,0.0,0.0,0.0,0.0,1.0,2.52,1.52,0.0,0.3,0.0,0.0,0.0,0.0,0.64,0.0,0.0,0.0,0.0,0.0,0.0,0.0,0.0,0.0,0.48,0.0,0.0,0.0,0.0,0.88,1.0,8.1,1.0,0.0,0.0,2025-05-17,0,0.3797751381791643
1,10.4,5.4,0.0,0.0,0.0,0.0,0.0,0.0,0.0,1.0,2.52,1.52,0.0,0.3,0.0,0.0,0.0,0.0,0.64,0.0,0.0,0.0,0.0,0.0,0.0,0.0,0.0,0.0,0.48,0.0,0.0,0.0,0.0,0.88,2025-05-18,1,0.5281332515563185
0,0.0,0.0,0.0,0.87,1.0,10.4,5.4,0.0,0.0,0.0,0.0,0.0,0.0,0.0,1.0,2.52,1.52,0.0,0.3,0.0,0.0,0.0,0.0,0.64,0.0,0.0,0.0,0.0,0.0,0.0,0.0,0.0,0.0,0.48,2025-05-19,0,0.3529892579552547
2,7.76,6.03,0.0,0.34,0.0,0.0,0.0,0.0,0.87,1.0,10.4,5.4,0.0,0.0,0.0,0.0,0.0,0.0,0.0,1.0,2.52,1.52,0.0,0.3,0.0,0.0,0.0,0.0,0.64,0.0,0.0,0.0,0.0,0.0,2025-05-20,1,0.5902581843364689
0,0.0,0.0,0.0,0.69,2.0,7.76,6.03,0.0,0.34,0.0,0.0,0.0,0.0,0.87,1.0,10.4,5.4,0.0,0.0,0.0,0.0,0.0,0.0,0.0,1.0,2.52,1.52,0.0,0.3,0.0,0.0,0.0,0.0,0.64,2025-05-21,0,0.4694235339579251
0,0.0,0.0,0.0,0.82,0.0,0.0,0.0,0.0,0.69,2.0,7.76,6.03,0.0,0.34,0.0,0.0,0.0,0.0,0.87,1.0,10.4,5.4,0.0,0.0,0.0,0.0,0.0,0.0,0.0,1.0,2.52,1.52,0.0,0.3,2025-05-22,1,0.5867887965813668
1,6.02,5.02,0.0,0.0,0.0,0.0,0.0,0.0,0.82,0.0,0.0,0.0,0.0,0.69,2.0,7.76,6.03,0.0,0.34,0.0,0.0,0.0,0.0,0.87,1.0,10.4,5.4,0.0,0.0,0.0,0.0,0.0,0.0,0.0,2025-05-23,1,0.629269166596007
0,0.0,0.0,0.0,0.0,1.0,6.02,5.02,0.0,0.0,0.0,0.0,0.0,0.0,0.82,0.0,0.0,0.0,0.0,0.69,2.0,7.76,6.03,0.0,0.34,0.0,0.0,0.0,0.0,0.87,1.0,10.4,5.4,0.0,0.0,2025-05-24,0,0.4694235339579251
1,8.37,4.37,0.0,0.0,0.0,0.0,0.0,0.0,0.0,1.0,6.02,5.02,0.0,0.0,0.0,0.0,0.0,0.0,0.82,0.0,0.0,0.0,0.0,0.69,2.0,7.76,6.03,0.0,0.34,0.0,0.0,0.0,0.0,0.87,2025-05-25,1,0.6981601243791858
0,0.0,0.0,0.0,0.59,1.0,8.37,4.37,0.0,0.0,0.0,0.0,0.0,0.0,0.0,1.0,6.02,5.02,0.0,0.0,0.0,0.0,0.0,0.0,0.82,0.0,0.0,0.0,0.0,0.69,2.0,7.76,6.03,0.0,0.34,2025-05-26,0,0.4109213607878499
0,0.0,0.0,0.0,0.0,0.0,0.0,0.0,0.0,0.59,1.0,8.37,4.37,0.0,0.0,0.0,0.0,0.0,0.0,0.0,1.0,6.02,5.02,0.0,0.0,0.0,0.0,0.0,0.0,0.82,0.0,0.0,0.0,0.0,0.69,2025-05-27,1,0.5281332515563185
